class_name,fpr,tpr,threshold
BENIGN,0.0,0.0,inf
BENIGN,0.0,1.1007881643256571e-05,0.9999996537971483
BENIGN,0.0,0.0021025053938620052,0.9999978339516029
BENIGN,0.0,0.0021245211571485185,0.9999978334928712
BENIGN,0.0,0.0023006472634406233,0.9999977755254863
BENIGN,0.0,0.0023226630267271365,0.9999977755244238
BENIGN,0.0,0.0049755625027519705,0.9999967345926898
BENIGN,0.0,0.004997578266038484,0.9999967261549274
BENIGN,0.0,0.016720972216106734,0.9999922813325239
BENIGN,0.0,0.016753995861036503,0.9999922807250596
BENIGN,0.0,0.016809035269252787,0.9999922764568121
BENIGN,0.0,0.016831051032539297,0.9999922761863039
BENIGN,0.0,0.01685306679582581,0.9999922743349375
BENIGN,0.0,0.016875082559112325,0.9999922725918531
BENIGN,0.0,0.017348421469772356,0.9999921877535867
BENIGN,0.0,0.01737043723305887,0.9999921867828993
BENIGN,0.0,0.020375588921667916,0.9999917117887636
BENIGN,0.0,0.020397604684954426,0.9999917098700646
BENIGN,0.0,0.020782880542468407,0.9999916704642012
BENIGN,0.0,0.02080489630575492,0.9999916688512064
BENIGN,0.0,0.021597463784069394,0.9999915939713158
BENIGN,0.0,0.021619479547355908,0.9999915938755439
BENIGN,0.0,0.02196072387829686,0.9999915511178881
BENIGN,0.0,0.021982739641583374,0.9999915503281094
BENIGN,0.0,0.02237902338074061,0.9999915138458207
BENIGN,0.0,0.022401039144027125,0.9999915134609314
BENIGN,0.0,0.04398749504645326,0.9999903710635464
BENIGN,0.0,0.04400951080973978,0.9999903707785479
BENIGN,0.0,0.06953678834045177,0.9999899942167493
BENIGN,0.0,0.06956981198538154,0.999989994142214
BENIGN,0.0,0.09014354277662806,0.9999897286520095
BENIGN,0.0,0.09017656642155783,0.9999897284274568
BENIGN,0.0,0.09081502355686671,0.999989717990432
BENIGN,0.0,0.09084804720179648,0.9999897177705862
BENIGN,0.0,0.10339703227510898,0.9999894505294853
BENIGN,0.0,0.10345207168332526,0.9999894505088096
BENIGN,0.0,0.10352912685482805,0.9999894503532988
BENIGN,0.0,0.10838360265950421,0.9999893700875102
BENIGN,0.0,0.10848267359429352,0.9999893692084965
BENIGN,0.0,0.11443793756329532,0.9999892859738891
BENIGN,0.0,0.11445995332658183,0.9999892859283107
BENIGN,0.0,0.12814275020914975,0.9999891936376181
BENIGN,0.0,0.12816476597243626,0.9999891936090523
BENIGN,0.0,0.13142309893884022,0.9999891741407356
BENIGN,0.0,0.13144511470212672,0.9999891740997666
BENIGN,0.0,0.13146713046541322,0.9999891740875942
BENIGN,0.0,0.131500154110343,0.9999891739303125
BENIGN,0.0,0.13219365065386818,0.9999891712570738
BENIGN,0.0,0.13221566641715468,0.9999891711889166
BENIGN,0.0,0.1324908634582361,0.9999891700327466
BENIGN,0.0,0.1325128792215226,0.999989169944257
BENIGN,0.0,0.13278807626260403,0.9999891687026908
BENIGN,0.0,0.13281009202589053,0.9999891687026466
BENIGN,0.0,0.13287613931575007,0.9999891685579653
BENIGN,0.0,0.13290916296067984,0.9999891685539992
BENIGN,0.0,0.1332283915283343,0.9999891676589044
BENIGN,0.0,0.1332504072916208,0.9999891675297299
BENIGN,0.0,0.13463740037867114,0.999989160539992
BENIGN,0.0,0.13465941614195764,0.9999891605392858
BENIGN,0.0,0.13480251860332,0.9999891605259058
BENIGN,0.0,0.1348245343666065,0.9999891605258179
BENIGN,0.0,0.13485755801153626,0.9999891605255525
BENIGN,0.0,0.1349015895381093,0.9999891605249346
BENIGN,0.0,0.13496763682796883,0.9999891605187529
BENIGN,0.0,0.13498965259125534,0.9999891605182228
BENIGN,0.0,0.1350226762361851,0.9999891605179135
BENIGN,0.0,0.13506670776275814,0.9999891605172512
BENIGN,0.0,0.13513275505261768,0.9999891605166774
BENIGN,0.0,0.13515477081590418,0.9999891605166332
BENIGN,0.0,0.13530888115890977,0.9999891605052819
BENIGN,0.0,0.1353308969221963,0.9999891605048407
BENIGN,0.0,0.13551803091013165,0.9999891604823672
BENIGN,0.0,0.13554004667341818,0.9999891604822788
BENIGN,0.0,0.13557307031834795,0.9999891604816606
BENIGN,0.0,0.13559508608163445,0.9999891604814841
BENIGN,0.0,0.13569415701642376,0.9999891604806008
BENIGN,0.0,0.13571617277971026,0.999989160480468
BENIGN,0.0,0.1357381885429968,0.9999891604802476
BENIGN,0.0,0.1357822200695698,0.9999891604802034
BENIGN,0.0,0.13579322795121307,0.9999891604800268
BENIGN,0.0,0.13582625159614284,0.9999891604799827
BENIGN,0.0,0.13587028312271587,0.9999891604797175
BENIGN,0.0,0.1358812910043591,0.9999891604796733
BENIGN,0.0,0.13592532253093215,0.9999891604794526
BENIGN,0.0,0.1359363304125754,0.9999891604791433
BENIGN,0.0,0.13595834617586192,0.9999891604789231
BENIGN,0.0,0.136090440755581,0.9999891604778631
BENIGN,0.0,0.13613447228215403,0.9999891604776862
BENIGN,0.0,0.136519748139668,0.9999891603857951
BENIGN,0.0,0.13654176390295453,0.9999891603857068
BENIGN,0.0,0.1368499845889657,0.9999891603446406
BENIGN,0.0,0.13687200035225222,0.9999891603444638
BENIGN,0.0,0.13732332349962573,0.9999891595660798
BENIGN,0.0,0.13734533926291226,0.9999891595650198
BENIGN,0.0,0.1391836554973361,0.9999891532074202
BENIGN,0.0,0.1392056712606226,0.9999891532071111
BENIGN,0.0,0.13967901017128265,0.9999891531626138
BENIGN,0.0,0.13970102593456915,0.9999891531624371
BENIGN,0.0,0.13972304169785565,0.9999891531623049
BENIGN,0.0,0.13974505746114219,0.9999891531621719
BENIGN,0.0,0.1397890889877152,0.9999891531619953
BENIGN,0.0,0.13985513627757473,0.9999891531615974
BENIGN,0.0,0.13987715204086126,0.9999891531615535
BENIGN,0.0,0.13993219144907754,0.9999891531608907
BENIGN,0.0,0.13995420721236404,0.9999891531606253
BENIGN,0.0,0.1399652150940073,0.9999891531603158
BENIGN,0.0,0.1399872308572938,0.9999891531601839
BENIGN,0.0,0.14024041213508873,0.9999891530690703
BENIGN,0.0,0.14026242789837523,0.9999891530684959
BENIGN,0.0,0.142783232794681,0.9999891403385427
BENIGN,0.0,0.142827264321254,0.9999891403381008
BENIGN,0.0,0.14358680815463873,0.9999891394261368
BENIGN,0.0,0.1436198317995685,0.9999891394255619
BENIGN,0.0,0.1436638633261415,0.9999891394251633
BENIGN,0.0,0.14571132931178724,0.9999891330093881
BENIGN,0.0,0.14573334507507374,0.9999891330092553
BENIGN,0.0,0.16892695169741534,0.9999890480119646
BENIGN,0.0,0.16894896746070187,0.9999890479800011
BENIGN,0.0,0.1710184492096341,0.9999890409514568
BENIGN,0.0,0.1710624807362071,0.999989040918718
BENIGN,0.0,0.2747457179340408,0.9999888452989869
BENIGN,0.0,0.27476773369732727,0.999988845297021
BENIGN,0.0,0.3231363656377967,0.9999888262183887
BENIGN,0.0,0.3231693892827264,0.9999888262127822
BENIGN,0.0,0.35027079388842414,0.9999888167093399
BENIGN,0.0,0.3502928096517106,0.9999888167076426
BENIGN,0.0,0.43546078992558673,0.9999887919378098
BENIGN,0.0,0.4354828056888732,0.999988791936894
BENIGN,0.0,0.4382788076262604,0.9999887911033801
BENIGN,0.0,0.4383008233895469,0.9999887911025622
BENIGN,0.0,0.5414997137950772,0.999988758589937
BENIGN,0.0,0.5415217295583638,0.9999887585892506
BENIGN,0.0,0.5586279776319845,0.9999887003386282
BENIGN,0.0,0.558649993395271,0.9999887002568786
BENIGN,0.0,0.5894500462331029,0.9999885234538703
BENIGN,0.0,0.589538109286249,0.9999885232260651
BENIGN,0.0,0.5895491171678922,0.9999885231623034
BENIGN,0.0,0.5897032275108978,0.9999885230566767
BENIGN,0.0,0.5914424728105323,0.9999884983320843
BENIGN,0.0,0.5914644885738188,0.9999884983238455
BENIGN,0.0,0.5928404737792259,0.999988479420529
BENIGN,0.0,0.592928536832372,0.9999884792526648
BENIGN,0.0,0.5941614195764167,0.9999884637459853
BENIGN,0.0,0.5941944432213465,0.9999884636480215
BENIGN,0.0,0.594216458984633,0.9999884636477981
BENIGN,0.0,0.5953062392673154,0.9999884504254812
BENIGN,0.0,0.5953502707938885,0.9999884502881228
BENIGN,0.0,0.5961978776804192,0.9999884396559131
BENIGN,0.0,0.596230901325349,0.9999884396558232
BENIGN,0.0,0.5967152481176522,0.9999884349127715
BENIGN,0.0,0.5968363348157281,0.9999884345761023
BENIGN,0.0,0.6232662586411871,0.9999880773733076
BENIGN,0.0,0.6232992822861169,0.9999880773711933
BENIGN,0.0,0.6233212980494034,0.9999880773050421
BENIGN,0.0,0.6473845273215623,0.9999878346369973
BENIGN,0.0,0.6474065430848488,0.9999878346006081
BENIGN,0.0,0.6510611597904099,0.9999877910483024
BENIGN,0.0,0.6510831755536964,0.999987790903607
BENIGN,0.0,0.6716018669367267,0.9999875127291182
BENIGN,0.0,0.6716238827000132,0.9999875123741809
BENIGN,0.0,0.6728677733257012,0.9999874871618394
BENIGN,0.0,0.6728897890889877,0.9999874871192426
BENIGN,0.0,0.6729668442604905,0.9999874870796547
BENIGN,0.0,0.6739905772533133,0.999987467176693
BENIGN,0.0,0.6740346087798864,0.9999874663229154
BENIGN,0.0,0.6740896481881027,0.9999874663228185
BENIGN,0.0,0.6747501210866981,0.9999874496183098
BENIGN,0.0,0.6747721368499846,0.9999874493060311
BENIGN,0.0,0.6748381841398441,0.9999874493059334
BENIGN,0.0,0.6754546255118665,0.9999874348280662
BENIGN,0.0,0.6755096649200828,0.9999874347373027
BENIGN,0.0,0.6760710668838888,0.9999874231563721
BENIGN,0.0,0.6760930826471754,0.9999874231424072
BENIGN,0.0,0.7708048963057549,0.999984516879244
BENIGN,4.494180036852276e-05,0.7708048963057549,0.999984516522892
BENIGN,4.494180036852276e-05,0.7964312447712563,0.9999830109215239
BENIGN,4.494180036852276e-05,0.7964532605345427,0.999983009829352
BENIGN,4.494180036852276e-05,0.8175994011712386,0.9999815583200385
BENIGN,4.494180036852276e-05,0.8176214169345252,0.9999815570720414
BENIGN,4.494180036852276e-05,0.8805754920523094,0.9999738671570658
BENIGN,8.988360073704552e-05,0.8805754920523094,0.9999738602135604
BENIGN,8.988360073704552e-05,0.9028114129716878,0.9999656474249845
BENIGN,8.988360073704552e-05,0.9028334287349743,0.9999656456233031
BENIGN,8.988360073704552e-05,0.9054202809211396,0.9999643064448677
BENIGN,0.00013482540110556829,0.9054202809211396,0.9999642878217937
BENIGN,0.00013482540110556829,0.9198516137554489,0.99995818938522
BENIGN,0.00017976720147409105,0.9198516137554489,0.9999581876499222
BENIGN,0.00017976720147409105,0.9377944608339571,0.9999451864236898
BENIGN,0.0002247090018426138,0.9377944608339571,0.9999450815459866
BENIGN,0.0002247090018426138,0.9397318480031702,0.9999405596512584
BENIGN,0.00026965080221113657,0.9397318480031702,0.9999405561602968
BENIGN,0.00026965080221113657,0.958555325613139,0.9998320505044253
BENIGN,0.00031459260257965933,0.958555325613139,0.999831960037085
BENIGN,0.00031459260257965933,0.9747589273920126,0.9996090193864758
BENIGN,0.0003595344029481821,0.9747589273920126,0.9996090191017427
BENIGN,0.0003595344029481821,0.9892783232794681,0.9980593182201553
BENIGN,0.00040447620331670486,0.9892783232794681,0.9980554338482013
BENIGN,0.00040447620331670486,0.9897296464268416,0.9977417025153135
BENIGN,0.0004494180036852276,0.9897296464268416,0.9977342429687523
BENIGN,0.0004494180036852276,0.9902910483906477,0.9973967008588585
BENIGN,0.0004943598040537504,0.9902910483906477,0.9973595814154128
BENIGN,0.0004943598040537504,0.9904891902602263,0.9971869127054482
BENIGN,0.0005393016044222731,0.9904891902602263,0.9971800007755329
BENIGN,0.0005393016044222731,0.9920082779269958,0.9954668499629633
BENIGN,0.000584243404790796,0.9920082779269958,0.9954369974338181
BENIGN,0.000584243404790796,0.993219144907754,0.9913059993223278
BENIGN,0.000584243404790796,0.9932411606710405,0.9911270417176381
BENIGN,0.000584243404790796,0.9932631764343269,0.9910267901257614
BENIGN,0.0006291852051593187,0.9932631764343269,0.9909799628051239
BENIGN,0.0006291852051593187,0.9939016335696359,0.9866356656376705
BENIGN,0.0006741270055278415,0.9939016335696359,0.9865605387300197
BENIGN,0.0006741270055278415,0.9940887675575713,0.9827245287269001
BENIGN,0.0007190688058963642,0.9940887675575713,0.9827171907949962
BENIGN,0.0007190688058963642,0.9943309409537229,0.9798582974733131
BENIGN,0.000764010606264887,0.9943309409537229,0.9798397193973939
BENIGN,0.000764010606264887,0.9958610365021355,0.9116075068724298
BENIGN,0.0008089524066334097,0.9958610365021355,0.908648739554474
BENIGN,0.0008089524066334097,0.9964114305842984,0.8393023194226928
BENIGN,0.0008538942070019325,0.9964114305842984,0.8378426049030232
BENIGN,0.0008538942070019325,0.9965215094007309,0.816630389734104
BENIGN,0.0008988360073704552,0.9965215094007309,0.8165252250080924
BENIGN,0.0008988360073704552,0.9966646118620932,0.7899262407792058
BENIGN,0.000943777807738978,0.9966646118620932,0.7891504041851085
BENIGN,0.000943777807738978,0.9966866276253797,0.7844188450164928
BENIGN,0.0009887196081075009,0.9966866276253797,0.7819089169047875
BENIGN,0.0009887196081075009,0.9967196512703096,0.7723568294214381
BENIGN,0.0010336614084760236,0.9967196512703096,0.7722888491836477
BENIGN,0.0010336614084760236,0.996994848311391,0.7141622615646217
BENIGN,0.0010786032088445463,0.996994848311391,0.7127677786810658
BENIGN,0.0010786032088445463,0.9970168640746775,0.699797515591245
BENIGN,0.001168486809581592,0.9970168640746775,0.6914462875921611
BENIGN,0.001168486809581592,0.9972700453524723,0.5235632858068079
BENIGN,0.0012583704103186373,0.9972700453524723,0.495207264085053
BENIGN,0.0012583704103186373,0.9972810532341156,0.4663445783924107
BENIGN,0.00130331221068716,0.9972810532341156,0.4575830465216839
BENIGN,0.00130331221068716,0.9972920611157589,0.4555567382025803
BENIGN,0.001348254011055683,0.9972920611157589,0.4546869798257581
BENIGN,0.001348254011055683,0.9973581084056184,0.3972033054961223
BENIGN,0.0013931958114242057,0.9973581084056184,0.39312037423133445
BENIGN,0.0013931958114242057,0.9973691162872617,0.3874782816938737
BENIGN,0.001528021212529774,0.9973691162872617,0.3736050914969304
BENIGN,0.001528021212529774,0.997380124168905,0.3713920655458079
BENIGN,0.0015729630128982967,0.997380124168905,0.3696947322059677
BENIGN,0.0015729630128982967,0.9974241556954779,0.3549081075024135
BENIGN,0.0016179048132668194,0.9974241556954779,0.3521492727570775
BENIGN,0.0016179048132668194,0.9974571793404078,0.33297777752322166
BENIGN,0.001707788414003865,0.9974571793404078,0.32640115113734386
BENIGN,0.001707788414003865,0.9975122187486241,0.30862316573410614
BENIGN,0.0017527302143723878,0.9975122187486241,0.30181453789062374
BENIGN,0.0017527302143723878,0.9975232266302673,0.3012638512413678
BENIGN,0.0017976720147409105,0.9975232266302673,0.29411774875433744
BENIGN,0.0017976720147409105,0.9975782660384835,0.25467282351676634
BENIGN,0.0018426138151094332,0.9975782660384835,0.24550419256715433
BENIGN,0.0018426138151094332,0.9976112896834133,0.22806013825338634
BENIGN,0.0019774392162150017,0.9976112896834133,0.19554776330478577
BENIGN,0.0019774392162150017,0.9976553212099863,0.18376567496263255
BENIGN,0.002067322816952047,0.9976553212099863,0.17824387043469217
BENIGN,0.002067322816952047,0.9976663290916296,0.1772652523347318
BENIGN,0.00211226461732057,0.9976663290916296,0.1753251865747208
BENIGN,0.00211226461732057,0.9976883448549161,0.16648624002815066
BENIGN,0.0021572064176890926,0.9976883448549161,0.15829036611857528
BENIGN,0.0021572064176890926,0.9976993527365594,0.15406945291594168
BENIGN,0.002247090018426138,0.9976993527365594,0.13801985517545073
BENIGN,0.002247090018426138,0.9977323763814891,0.11662297041419048
BENIGN,0.002292031818794661,0.9977323763814891,0.11428588044571998
BENIGN,0.002292031818794661,0.9977543921447757,0.10592703695558371
BENIGN,0.002336973619163184,0.9977543921447757,0.10531237707385852
BENIGN,0.002336973619163184,0.9977654000264189,0.09919071861337209
BENIGN,0.0025616826210057976,0.9977654000264189,0.08570720455363026
BENIGN,0.0025616826210057976,0.9977984236713486,0.082407466101384
BENIGN,0.00260662442137432,0.9977984236713486,0.07950226346518897
BENIGN,0.00260662442137432,0.9978314473162785,0.07040977843072942
BENIGN,0.002651566221742843,0.9978314473162785,0.06446020626600923
BENIGN,0.002651566221742843,0.9978424551979217,0.06406402931432438
BENIGN,0.0028313334232169343,0.9978424551979217,0.06190689361654173
BENIGN,0.0028313334232169343,0.997853463079565,0.06187553467511866
BENIGN,0.0031009842254280705,0.997853463079565,0.05610087314439462
BENIGN,0.0031009842254280705,0.9978644709612082,0.05227645341365512
BENIGN,0.0031908678261651164,0.9978644709612082,0.05049229494509809
BENIGN,0.0031908678261651164,0.9978754788428514,0.049970688562798515
BENIGN,0.003235809626533639,0.9978754788428514,0.04887049628839249
BENIGN,0.003235809626533639,0.9978864867244948,0.043221307300878656
BENIGN,0.0035054604287447755,0.9978864867244948,0.030186111035696347
BENIGN,0.0035054604287447755,0.997897494606138,0.02947542654616585
BENIGN,0.003640285829850344,0.997897494606138,0.026680548331537917
BENIGN,0.003640285829850344,0.9979745497776408,0.025382095995895027
BENIGN,0.003775111230955912,0.9979745497776408,0.025058966752930664
BENIGN,0.003775111230955912,0.998029589185857,0.02407420582846386
BENIGN,0.0038649948316929576,0.998029589185857,0.02393657474384338
BENIGN,0.0038649948316929576,0.9980626128307868,0.023524101251631145
BENIGN,0.0039099366320614806,0.9980626128307868,0.02330463888606605
BENIGN,0.0039099366320614806,0.9981066443573599,0.022363482630891413
BENIGN,0.0039548784324300035,0.9981066443573599,0.02221238612063173
BENIGN,0.0039548784324300035,0.9983157941085817,0.021167982933514046
BENIGN,0.0040447620331670485,0.9983157941085817,0.020694744357050102
BENIGN,0.0040447620331670485,0.9984809123332306,0.018937944965600563
BENIGN,0.004089703833535571,0.9984809123332306,0.01873536639571088
BENIGN,0.004089703833535571,0.9985359517414468,0.017563845009408902
BENIGN,0.004134645633904094,0.9985359517414468,0.01721827279429069
BENIGN,0.004134645633904094,0.9985579675047334,0.01701654335101431
BENIGN,0.004179587434272617,0.9985579675047334,0.017002547742695523
BENIGN,0.004179587434272617,0.9985799832680199,0.016607574429482137
BENIGN,0.004584063637589322,0.9985799832680199,0.014211840700211413
BENIGN,0.004584063637589322,0.9985909911496632,0.014073629031348723
BENIGN,0.004629005437957845,0.9985909911496632,0.013297702216299426
BENIGN,0.004629005437957845,0.9986019990313064,0.013276805611979607
BENIGN,0.004673947238326368,0.9986019990313064,0.013031659193833091
BENIGN,0.004673947238326368,0.9986130069129496,0.01301547164544821
BENIGN,0.004763830839063413,0.9986130069129496,0.012949113920795478
BENIGN,0.004763830839063413,0.998624014794593,0.012842595208928108
BENIGN,0.0048537144398004585,0.998624014794593,0.012639186771389144
BENIGN,0.0048537144398004585,0.9986350226762362,0.012582554681983667
BENIGN,0.004898656240168981,0.9986350226762362,0.012494660065421588
BENIGN,0.004898656240168981,0.9986460305578795,0.012445118179900091
BENIGN,0.004988539840906026,0.9986460305578795,0.01195418613927922
BENIGN,0.004988539840906026,0.9987010699660958,0.01133558023513899
BENIGN,0.005123365242011595,0.9987010699660958,0.011087013014766637
BENIGN,0.005123365242011595,0.9987340936110255,0.010836226142941524
BENIGN,0.005258190643117163,0.9987340936110255,0.010406661924034595
BENIGN,0.005258190643117163,0.9987451014926687,0.010365318917720051
BENIGN,0.006291852051593187,0.9987451014926687,0.006820700587939304
BENIGN,0.006291852051593187,0.998756109374312,0.006688965474342576
BENIGN,0.0066963282549098915,0.998756109374312,0.005515747693998608
BENIGN,0.0066963282549098915,0.9987781251375986,0.00544787018000057
BENIGN,0.00795469866522853,0.9987781251375986,0.004559760544325918
BENIGN,0.00795469866522853,0.9987891330192418,0.004522909306468559
BENIGN,0.008494000269650802,0.9987891330192418,0.00406909729394375
BENIGN,0.008494000269650802,0.998800140900885,0.003949076300426456
BENIGN,0.008673767471124893,0.998800140900885,0.0036752462816834986
BENIGN,0.008673767471124893,0.9988111487825283,0.003619808726454645
BENIGN,0.008763651071861939,0.9988111487825283,0.0035280654693422542
BENIGN,0.008763651071861939,0.9988221566641715,0.00351288760549652
BENIGN,0.008808592872230462,0.9988221566641715,0.003510102222462281
BENIGN,0.008808592872230462,0.9988331645458148,0.003500329899005375
BENIGN,0.008853534672598985,0.9988331645458148,0.003481200057909793
BENIGN,0.008853534672598985,0.998844172427458,0.0034627964463492663
BENIGN,0.00943777807738978,0.998844172427458,0.0029952646486620716
BENIGN,0.00943777807738978,0.9988551803091014,0.0029223019429368297
BENIGN,0.009527661678126825,0.9988551803091014,0.00287771931482053
BENIGN,0.009527661678126825,0.9988661881907446,0.002812624364109777
BENIGN,0.009707428879600917,0.9988661881907446,0.0027319448688724267
BENIGN,0.009707428879600917,0.9988771960723878,0.002716337487649227
BENIGN,0.009887196081075009,0.9988771960723878,0.00260742254904674
BENIGN,0.009887196081075009,0.9988882039540311,0.0025860951184933155
BENIGN,0.010156846883286145,0.9988882039540311,0.0025418504589290263
BENIGN,0.010156846883286145,0.9989102197173176,0.0025244742473532348
BENIGN,0.01024673048402319,0.9989102197173176,0.0024807241743709943
BENIGN,0.01024673048402319,0.9989212275989608,0.002479615674533264
BENIGN,0.011010741090288077,0.9989212275989608,0.002223790340260724
BENIGN,0.011010741090288077,0.9989322354806041,0.0022149749672930536
BENIGN,0.011370275493236258,0.9989322354806041,0.0021401901999137714
BENIGN,0.011370275493236258,0.9989432433622474,0.002135280684842798
BENIGN,0.011505100894341827,0.9989432433622474,0.002094737270112995
BENIGN,0.011505100894341827,0.9989542512438906,0.0020946587641475045
BENIGN,0.011639926295447396,0.9989542512438906,0.00207263778265226
BENIGN,0.011639926295447396,0.9989652591255339,0.002070563797925921
BENIGN,0.011684868095815919,0.9989652591255339,0.0020544291412688837
BENIGN,0.011684868095815919,0.9989762670071771,0.0020527521638486574
BENIGN,0.011729809896184442,0.9989762670071771,0.002038066537032882
BENIGN,0.011729809896184442,0.9989872748888204,0.002036534435781844
BENIGN,0.011774751696552965,0.9989872748888204,0.0020242652529148925
BENIGN,0.011774751696552965,0.9989982827704637,0.002023997996794081
BENIGN,0.011999460698395577,0.9989982827704637,0.0019822560426768924
BENIGN,0.011999460698395577,0.9990092906521069,0.0019722273259270458
BENIGN,0.01217922789986967,0.9990092906521069,0.0019207112564887786
BENIGN,0.01217922789986967,0.9990313064153934,0.0018969024980754303
BENIGN,0.013078063907240124,0.9990313064153934,0.00180123574196425
BENIGN,0.013078063907240124,0.9990423142970367,0.0017991299411670594
BENIGN,0.013302772909082737,0.9990423142970367,0.0017760614039436262
BENIGN,0.013302772909082737,0.9990533221786799,0.0017687099714392294
BENIGN,0.014021841714979102,0.9990533221786799,0.0017234534137975576
BENIGN,0.014021841714979102,0.9990643300603232,0.0017112758484271354
BENIGN,0.014111725315716148,0.9990643300603232,0.0017033693698612512
BENIGN,0.014111725315716148,0.9990753379419665,0.0017007372147119619
BENIGN,0.014381376117927284,0.9990753379419665,0.0016928071497219481
BENIGN,0.014381376117927284,0.9990863458236097,0.0016926818213598132
BENIGN,0.014695968720506944,0.9990863458236097,0.001683052123064171
BENIGN,0.014695968720506944,0.9991083615868962,0.0016804504264117048
BENIGN,0.014920677722349557,0.9991083615868962,0.0016622302897931487
BENIGN,0.014920677722349557,0.9991193694685395,0.0016612205842597972
BENIGN,0.015145386724192172,0.9991193694685395,0.0016435852843975425
BENIGN,0.015145386724192172,0.9991303773501827,0.001641039420540255
BENIGN,0.015235270324929216,0.9991303773501827,0.0016360264847509831
BENIGN,0.015235270324929216,0.9991523931134693,0.0016282849439895615
BENIGN,0.01545997932677183,0.9991523931134693,0.001626341447431912
BENIGN,0.01545997932677183,0.9992074325216855,0.0016229399260725994
BENIGN,0.015504921127140353,0.9992074325216855,0.001621629034375139
BENIGN,0.015504921127140353,0.9992294482849721,0.0016205859763245495
BENIGN,0.015639746528245922,0.9992294482849721,0.0016144525345780972
BENIGN,0.015639746528245922,0.9992404561666153,0.001614235100644962
BENIGN,0.015864455530088535,0.9992404561666153,0.0016054819340106474
BENIGN,0.015864455530088535,0.9992514640482586,0.0016053908110201342
BENIGN,0.016044222731562627,0.9992514640482586,0.0015982105150115285
BENIGN,0.016044222731562627,0.9992624719299018,0.0015980918097516408
BENIGN,0.016988000539301603,0.9992624719299018,0.0015436472322607308
BENIGN,0.016988000539301603,0.999273479811545,0.0015436200058873695
BENIGN,0.01725765134151274,0.999273479811545,0.0015230393915514303
BENIGN,0.01725765134151274,0.9992844876931883,0.0015229809240840519
BENIGN,0.019235090557727742,0.9992844876931883,0.0014372977570205542
BENIGN,0.019235090557727742,0.9992954955748315,0.0014372869382251036
BENIGN,0.01936991595883331,0.9992954955748315,0.0014343916864861116
BENIGN,0.01936991595883331,0.9993065034564749,0.0014317377335151275
BENIGN,0.019909217563255584,0.9993065034564749,0.0014249908344551147
BENIGN,0.019909217563255584,0.9993175113381181,0.0014245310235908874
BENIGN,0.020403577367309335,0.9993175113381181,0.00140722614852045
BENIGN,0.020403577367309335,0.9993285192197614,0.0014056033373381722
BENIGN,0.021032762572468652,0.9993285192197614,0.001388256834386568
BENIGN,0.021032762572468652,0.9993395271014046,0.001387703362625051
BENIGN,0.021931598579839107,0.9993395271014046,0.001370781814318088
BENIGN,0.021931598579839107,0.9993505349830478,0.001369380295251039
BENIGN,0.030830075052806615,0.9993505349830478,0.0012158338408331968
BENIGN,0.030830075052806615,0.9993615428646911,0.0012157648242412248
BENIGN,0.054784054649229245,0.9993615428646911,0.0008401247071992213
BENIGN,0.054784054649229245,0.9993725507463344,0.0008386720365291279
BENIGN,0.06471619253067278,0.9993725507463344,0.0005984892538747031
BENIGN,0.06471619253067278,0.9993945665096209,0.0005972590172369464
BENIGN,0.07617635162464609,0.9993945665096209,0.0005500469362726166
BENIGN,0.07626623522538313,0.9993945665096209,0.0005500460432609254
BENIGN,0.09262505055952541,0.9993945665096209,0.0005400204373229139
BENIGN,0.09271493416026245,0.9993945665096209,0.0005400112816512827
BENIGN,0.09392836277021258,0.9993945665096209,0.0005362992380102198
BENIGN,0.09392836277021258,0.9994055743912641,0.0005359237987461511
BENIGN,0.10678171767561008,0.9994055743912641,0.0005298719127342601
BENIGN,0.10687160127634714,0.9994055743912641,0.000529871581871225
BENIGN,0.1119500247179902,0.9994055743912641,0.000529326751643453
BENIGN,0.11203990831872725,0.9994055743912641,0.0005293250584313075
BENIGN,0.11361287133162555,0.9994055743912641,0.0005292652174162568
BENIGN,0.11370275493236259,0.9994055743912641,0.000529264478925121
BENIGN,0.11455664913936452,0.9994055743912641,0.0005292311683952266
BENIGN,0.11464653274010157,0.9994055743912641,0.0005292310127063362
BENIGN,0.13172441688014022,0.9994055743912641,0.0005274557693622617
BENIGN,0.13181430048087728,0.9994055743912641,0.0005274550889166624
BENIGN,0.1334771470945126,0.9994055743912641,0.0005274379877159181
BENIGN,0.13356703069524964,0.9994055743912641,0.0005274371129107667
BENIGN,0.13500516830704237,0.9994055743912641,0.0005274254095177325
BENIGN,0.13509505190777943,0.9994055743912641,0.0005274247827162958
BENIGN,0.1448923643881174,0.9994055743912641,0.0005252974449520696
BENIGN,0.14498224798885442,0.9994055743912641,0.0005252913978673347
BENIGN,0.14835288301649363,0.9994055743912641,0.0005245634081755754
BENIGN,0.1484427666172307,0.9994055743912641,0.0005245540462982664
BENIGN,0.1518134016448699,0.9994055743912641,0.000518633582983631
BENIGN,0.15190328524560695,0.9994055743912641,0.0005186315858620948
BENIGN,0.1541953170644016,0.9994055743912641,0.0005163624501120601
BENIGN,0.1541953170644016,0.9994165822729074,0.0005163517640831725
BENIGN,0.23243899150599973,0.9994165822729074,0.00044158913816163707
BENIGN,0.23243899150599973,0.9994275901545506,0.0004415814934728097
BENIGN,0.3314907195182239,0.9994275901545506,0.0004262983514253203
BENIGN,0.3314907195182239,0.999438598036194,0.0004262945676681019
BENIGN,0.3479394184531032,0.999438598036194,0.0004244055679659345
BENIGN,0.3479394184531032,0.9994496059178372,0.00042437156715106574
BENIGN,0.4130151453867242,0.9994496059178372,0.0004155456741731724
BENIGN,0.4130151453867242,0.9994606137994805,0.00041554347230661877
BENIGN,0.4296436115230776,0.9994606137994805,0.0004122877735430961
BENIGN,0.4296436115230776,0.9994716216811237,0.0004122797403274152
BENIGN,0.44730573906790705,0.9994716216811237,0.00040784855603783496
BENIGN,0.44730573906790705,0.9994826295627669,0.000407847478770432
BENIGN,0.4685182688418498,0.9994826295627669,0.0004034515442801546
BENIGN,0.4685182688418498,0.9994936374444102,0.0004034510922839322
BENIGN,0.46964181385106285,0.9994936374444102,0.0004031322256161616
BENIGN,0.46964181385106285,0.9995046453260534,0.0004031283112658972
BENIGN,0.469911464653274,0.9995046453260534,0.0004030752114509806
BENIGN,0.469911464653274,0.9995156532076968,0.00040307295993845433
BENIGN,0.4845624915734124,0.9995156532076968,0.0003994400495801117
BENIGN,0.4845624915734124,0.99952666108934,0.00039944004284888653
BENIGN,0.484697316974518,0.99952666108934,0.00039941542511338126
BENIGN,0.484697316974518,0.9995376689709832,0.00039935707057337877
BENIGN,0.4869444069929441,0.9995376689709832,0.0003985271387688983
BENIGN,0.4869444069929441,0.9995596847342697,0.000398499497664328
BENIGN,0.48716911599478674,0.9995596847342697,0.0003983089315717387
BENIGN,0.48716911599478674,0.9995817004975562,0.0003982297981958261
BENIGN,0.48734888319626085,0.9995817004975562,0.0003981519599563033
BENIGN,0.48734888319626085,0.9995927083791996,0.0003981194832965322
BENIGN,0.4875286503977349,0.9995927083791996,0.00039808244289982534
BENIGN,0.4875286503977349,0.999614724142486,0.00039807245490345363
BENIGN,0.4876634757988405,0.999614724142486,0.0003980313077187484
BENIGN,0.4876634757988405,0.9996257320241293,0.0003980304574075838
BENIGN,0.487708417599209,0.9996257320241293,0.00039801235460430826
BENIGN,0.487708417599209,0.999658755669059,0.0003979746380891804
BENIGN,0.48793312660105165,0.999658755669059,0.0003979293373769038
BENIGN,0.48793312660105165,0.9996807714323456,0.0003978797190083646
BENIGN,0.4881128938025257,0.9996807714323456,0.0003977995183637364
BENIGN,0.4881128938025257,0.9996917793139888,0.0003977822759996231
BENIGN,0.48847242820547393,0.9996917793139888,0.00039764551939388203
BENIGN,0.48847242820547393,0.9997027871956321,0.0003976332680582695
BENIGN,0.48851737000584244,0.9997027871956321,0.00039762316000949285
BENIGN,0.48851737000584244,0.9997248029589186,0.0003975546331888134
BENIGN,0.4889218462091591,0.9997248029589186,0.0003972071099211846
BENIGN,0.4889218462091591,0.9997358108405618,0.0003971911122147555
BENIGN,0.4890566716102647,0.9997358108405618,0.00039708887190471274
BENIGN,0.4890566716102647,0.999746818722205,0.0003970654987425711
BENIGN,0.48914655521100175,0.999746818722205,0.0003969766528557996
BENIGN,0.48914655521100175,0.9997578266038484,0.0003969518018638835
BENIGN,0.4898206822165296,0.9997578266038484,0.00039652577393592544
BENIGN,0.4898206822165296,0.9997688344854916,0.00039650819879237184
BENIGN,0.4908094018246371,0.9997688344854916,0.00039603457455886866
BENIGN,0.4908094018246371,0.9997798423671349,0.00039600058067485757
BENIGN,0.49089928542537414,0.9997798423671349,0.000395934528400529
BENIGN,0.49089928542537414,0.9997908502487781,0.0003958970720914249
BENIGN,0.4912138780279538,0.9997908502487781,0.0003958338711738741
BENIGN,0.4912138780279538,0.9998018581304213,0.00039582826747742463
BENIGN,0.4917531796323761,0.9998018581304213,0.00039571475193371497
BENIGN,0.4917531796323761,0.9998128660120646,0.0003957139147072926
BENIGN,0.492607073839378,0.9998128660120646,0.0003954696730370946
BENIGN,0.492607073839378,0.9998348817753512,0.00039544029630364844
BENIGN,0.49269695744011505,0.9998348817753512,0.0003954193644803874
BENIGN,0.49269695744011505,0.9998458896569944,0.0003953493236125268
BENIGN,0.5069435081569368,0.9998458896569944,0.00039072215066105425
BENIGN,0.5069435081569368,0.9998568975386377,0.0003906688426749482
BENIGN,0.5131454766077929,0.9998568975386377,0.0003888105712175878
BENIGN,0.5131454766077929,0.9998679054202809,0.0003888097021000733
BENIGN,0.5135499528111096,0.9998679054202809,0.00038873631819477845
BENIGN,0.5135499528111096,0.9998899211835675,0.00038872637953989814
BENIGN,0.7046874297784369,0.9998899211835675,0.0003549840553468572
BENIGN,0.7046874297784369,0.9999009290652107,0.0003549259100063252
BENIGN,0.7047323715788054,0.9999009290652107,0.0003545097140794095
BENIGN,0.7047323715788054,0.999911936946854,0.00035440553625413774
BENIGN,0.7059458001887555,0.999911936946854,0.0002981847581109357
BENIGN,0.7059458001887555,0.9999229448284972,0.00029808950662599856
BENIGN,0.705990741989124,0.9999229448284972,0.0002968818841894273
BENIGN,0.705990741989124,0.9999669763550703,0.00029588926759044473
BENIGN,0.706844636196126,0.9999669763550703,0.00024918593879457346
BENIGN,0.706844636196126,0.9999779842367135,0.0002491136956998757
BENIGN,0.7069345197968631,0.9999779842367135,0.00024883066413293903
BENIGN,0.7069345197968631,0.9999889921183568,0.00024881963407992377
BENIGN,0.7081479484068132,0.9999889921183568,0.00015493735940390067
BENIGN,0.7081479484068132,1.0,0.00015346757101230549
BENIGN,0.8511527571794526,1.0,2.1699465505962692e-05
BENIGN,0.8512426407801896,1.0,2.1698545669412587e-05
BENIGN,1.0,1.0,6.241526330902976e-07
Bot,0.0,0.0,inf
Bot,0.0,0.013513513513513514,0.9994898351138419
Bot,0.0,0.0945945945945946,0.9994887052066034
Bot,1.7695826439334284e-05,0.0945945945945946,0.9994867498304277
Bot,1.7695826439334284e-05,0.2702702702702703,0.9994484447242733
Bot,5.308747931800285e-05,0.2702702702702703,0.9994181557484785
Bot,5.308747931800285e-05,0.28378378378378377,0.9994089588805422
Bot,6.193539253767e-05,0.28378378378378377,0.9994076049097039
Bot,6.193539253767e-05,0.527027027027027,0.9993389183348546
Bot,7.963121897700428e-05,0.527027027027027,0.9993359321848047
Bot,7.963121897700428e-05,0.5405405405405406,0.9993187848437686
Bot,8.847913219667142e-05,0.5405405405405406,0.9992305578008309
Bot,8.847913219667142e-05,0.581081081081081,0.9991360203296782
Bot,9.732704541633856e-05,0.581081081081081,0.9990909139600538
Bot,9.732704541633856e-05,0.5945945945945946,0.9990595321838619
Bot,0.00011502287185567285,0.5945945945945946,0.9990118590133392
Bot,0.00011502287185567285,0.6891891891891891,0.998729136492755
Bot,0.00012387078507534,0.6891891891891891,0.9987061381247747
Bot,0.00012387078507534,0.8108108108108109,0.9948268945944861
Bot,0.00013271869829500712,0.8108108108108109,0.993201847592423
Bot,0.00013271869829500712,0.9324324324324325,0.8815624824393956
Bot,0.00017695826439334284,0.9324324324324325,0.6047368523321466
Bot,0.00017695826439334284,0.9459459459459459,0.5999266265277201
Bot,0.00020350200405234425,0.9459459459459459,0.4996283338070724
Bot,0.00020350200405234425,0.9594594594594594,0.4936208387677932
Bot,0.00023889365693101282,0.9594594594594594,0.24489586121311796
Bot,0.00023889365693101282,0.972972972972973,0.23160814291030557
Bot,0.0008405517558683785,0.972972972972973,0.0007644767242937288
Bot,0.0008405517558683785,0.9864864864864865,0.0007582907405343092
Bot,0.0054768582829739605,0.9864864864864865,8.005004253390329e-05
Bot,0.0054768582829739605,1.0,7.917635507074969e-05
Bot,0.005998885162934322,1.0,6.380294157500813e-05
Bot,0.0060165809893736565,1.0,6.378307973614166e-05
Bot,0.02869378257138054,1.0,1.4047057132572578e-05
Bot,0.028711478397819873,1.0,1.4047037706469682e-05
Bot,0.03125967740508401,1.0,1.3944482658520084e-05
Bot,0.031277373231523346,1.0,1.3944279703348718e-05
Bot,0.03809911432388671,1.0,1.361648984229254e-05
Bot,0.038116810150326044,1.0,1.3616486824530049e-05
Bot,0.040063351058652816,1.0,1.360551804304946e-05
Bot,0.040081046885092154,1.0,1.3605410297759453e-05
Bot,0.0403641801081215,1.0,1.3604217547851421e-05
Bot,0.040381875934560836,1.0,1.3604135856699872e-05
Bot,0.04057653002539351,1.0,1.3603627670531737e-05
Bot,0.040594225851832845,1.0,1.3603627019836121e-05
Bot,0.04083311950876386,1.0,1.3597679031952601e-05
Bot,0.04085081533520319,1.0,1.3597561964956124e-05
Bot,0.04206297944629759,1.0,1.3584490025240158e-05
Bot,0.04208067527273693,1.0,1.358441028942224e-05
Bot,0.04352288512754267,1.0,1.3576732273165131e-05
Bot,0.043540580953982,1.0,1.3576716584966375e-05
Bot,0.04433689314375205,1.0,1.3575790315778014e-05
Bot,0.04435458897019138,1.0,1.3575785600777598e-05
Bot,0.044513851408145386,1.0,1.3575607852424148e-05
Bot,0.044531547234584724,1.0,1.357558219699053e-05
Bot,0.0472832482459012,1.0,1.3472331002967112e-05
Bot,0.04730094407234054,1.0,1.3472290407050837e-05
Bot,0.10966988435777422,1.0,5.477655288405566e-06
Bot,0.10968758018421355,1.0,5.477434696588285e-06
Bot,0.18116987108590438,1.0,3.990954780997295e-06
Bot,0.18118756691234372,1.0,3.990943902754977e-06
Bot,0.3589332955822369,1.0,3.104174640026931e-07
Bot,0.35895099140867626,1.0,3.1040942856451673e-07
Bot,0.36450748091062724,1.0,3.012234980858637e-07
Bot,0.3645251767370666,1.0,3.012174497387903e-07
Bot,0.459197848187505,1.0,2.2257333249112337e-07
Bot,0.45922439192716397,1.0,2.2257270624176952e-07
Bot,0.4636395006237779,1.0,2.2027462851849415e-07
Bot,0.4636571964502172,1.0,2.202736500911244e-07
Bot,0.46367489227665654,1.0,2.202693799776888e-07
Bot,0.4637191318427549,1.0,2.2026849232201989e-07
Bot,0.46375452349563356,1.0,2.202624924222593e-07
Bot,0.46380761097495155,1.0,2.2026199212343606e-07
Bot,0.4638253068013909,1.0,2.202619920798997e-07
Bot,0.4638695463674892,1.0,2.2025455332133434e-07
Bot,0.46391378593358756,1.0,2.2025437176767552e-07
Bot,0.46394917758646625,1.0,2.2025437172414051e-07
Bot,0.46396687341290554,1.0,2.2024876172562187e-07
Bot,0.4640288088054432,1.0,2.2024503582574883e-07
Bot,0.4640465046318826,1.0,2.2024501797702197e-07
Bot,0.46407304837154156,1.0,2.2023538758421677e-07
Bot,0.4640907441979809,1.0,2.2023359790155983e-07
Bot,0.46637350580865505,1.0,2.1886957423299242e-07
Bot,0.46639120163509434,1.0,2.188692548474071e-07
Bot,0.4738499924792738,1.0,2.1582158819659608e-07
Bot,0.4738676883057131,1.0,2.1582102334282532e-07
Bot,0.47545146477203354,1.0,2.1486856443372991e-07
Bot,0.47546916059847283,1.0,2.148685060571876e-07
Bot,0.4755399439042302,1.0,2.148556652415606e-07
Bot,0.4755576397306695,1.0,2.1484885834983814e-07
Bot,0.4914750356128507,1.0,2.0698571049930766e-07
Bot,0.49149273143929006,1.0,2.069851565135182e-07
Bot,0.4916166022243654,1.0,2.0694368920329925e-07
Bot,0.4916342980508047,1.0,2.069363833019441e-07
Bot,0.4918289521416374,1.0,2.0686120236032308e-07
Bot,0.49184664796807676,1.0,2.068512253760665e-07
Bot,0.4919262791870537,1.0,2.0680728202612347e-07
Bot,0.4919439750134931,1.0,2.0680399899049155e-07
Bot,0.5057024800700755,1.0,2.038222846960828e-07
Bot,0.5057201758965149,1.0,2.038212683147212e-07
Bot,0.5057467196361738,1.0,2.0382123969018802e-07
Bot,0.5085161164739296,1.0,2.0314645878122302e-07
Bot,0.508533812300369,1.0,2.031462044163877e-07
Bot,0.5087638580440803,1.0,2.031235221399973e-07
Bot,0.5087815538705196,1.0,2.0312296153346966e-07
Bot,0.5197175746100282,1.0,2.0138188043558202e-07
Bot,0.5197441183496873,1.0,2.0137972494722207e-07
Bot,0.5197529662629069,1.0,2.0137972490741565e-07
Bot,0.5197883579157856,1.0,2.013750094903676e-07
Bot,0.5198237495686643,1.0,2.0136913365118137e-07
Bot,0.5198414453951036,1.0,2.0136906656165334e-07
Bot,0.5198679891347626,1.0,2.0136906646214378e-07
Bot,0.5198768370479823,1.0,2.0136484929220647e-07
Bot,0.5199476203537395,1.0,2.0136209955595485e-07
Bot,0.5199741640933986,1.0,2.013535640756265e-07
Bot,0.5199918599198379,1.0,2.013535476975077e-07
Bot,0.5287689898337478,1.0,1.9973912366562042e-07
Bot,0.528786685660187,1.0,1.9973873740223838e-07
Bot,0.534343175162138,1.0,1.9906403241823692e-07
Bot,0.5344405022075543,1.0,1.9906318960699155e-07
Bot,0.5348298103892197,1.0,1.9902382601226133e-07
Bot,0.5349536811742951,1.0,1.99023726078106e-07
Bot,0.5350244644800524,1.0,1.9902364967838476e-07
Bot,0.5359888870209961,1.0,1.988878092440849e-07
Bot,0.536015430760655,1.0,1.988815370410123e-07
Bot,0.5394041815237877,1.0,1.9839116916531886e-07
Bot,0.5394307252634466,1.0,1.9839014282974189e-07
Bot,0.5488802965820512,1.0,1.970734565387852e-07
Bot,0.5488979924084905,1.0,1.9707219206081293e-07
Bot,0.5491368860654214,1.0,1.9704852246663815e-07
Bot,0.5491545818918608,1.0,1.9704633807081437e-07
Bot,0.5869263234266199,1.0,1.8919388934007474e-07
Bot,0.5869440192530592,1.0,1.891865203979466e-07
Bot,0.5869528671662788,1.0,1.8918445707145276e-07
Bot,0.5869705629927182,1.0,1.891825017947026e-07
Bot,0.5869971067323771,1.0,1.8917742217879486e-07
Bot,0.5870324983852558,1.0,1.8914394768861522e-07
Bot,0.5870501942116951,1.0,1.8914372400960238e-07
Bot,0.5979154316454465,1.0,1.8634081090582875e-07
Bot,0.597950823298325,1.0,1.8634078471680017e-07
Bot,0.6180532821334088,1.0,1.8198920548856877e-07
Bot,0.6181329133523858,1.0,1.8198919241654188e-07
Bot,0.6190530963272313,1.0,1.8195321343316113e-07
Bot,0.6191150317197689,1.0,1.8195311240860745e-07
Bot,0.6191592712858672,1.0,1.8195304248733456e-07
Bot,0.6217251661195707,1.0,1.8182326865003616e-07
Bot,0.6217517098592297,1.0,1.8182311472163034e-07
Bot,0.6376425620017518,1.0,1.807412743862762e-07
Bot,0.6376602578281912,1.0,1.8074127354670024e-07
Bot,0.6454906610275967,1.0,1.805986468270084e-07
Bot,0.6455260526804754,1.0,1.805986466842144e-07
Bot,0.6455525964201343,1.0,1.8059864659496817e-07
Bot,0.6467913042708877,1.0,1.8058302203713665e-07
Bot,0.6468266959237664,1.0,1.805830219657461e-07
Bot,0.6776351297546473,1.0,1.8038964320178383e-07
Bot,0.6776528255810867,1.0,1.803896430769835e-07
Bot,0.6780509816759718,1.0,1.8038631357847939e-07
Bot,0.6780686775024111,1.0,1.8038631352499468e-07
Bot,0.6780775254156307,1.0,1.8038631347150947e-07
Bot,0.6780952212420701,1.0,1.8038631334671214e-07
Bot,0.6781394608081684,1.0,1.803863130079751e-07
Bot,0.6781571566346077,1.0,1.8038631297231879e-07
Bot,0.6782102441139257,1.0,1.803863128118645e-07
Bot,0.6782456357668044,1.0,1.80386312794036e-07
Bot,0.6782633315932437,1.0,1.8038631272272303e-07
Bot,0.6782810274196831,1.0,1.803863126514102e-07
Bot,0.6782987232461224,1.0,1.8038631261575384e-07
Bot,0.6785641606427124,1.0,1.8038629660598095e-07
Bot,0.6785818564691517,1.0,1.8038629459138868e-07
Bot,0.7070544412100406,1.0,1.8024396706986142e-07
Bot,0.70707213703648,1.0,1.8024396649980748e-07
Bot,0.7528246962953787,1.0,1.8023165646176498e-07
Bot,0.752842392121818,1.0,1.8023165644395211e-07
Bot,0.7531432211712867,1.0,1.802316400382029e-07
Bot,0.7531609169977261,1.0,1.802316398066343e-07
Bot,0.7536387043115881,1.0,1.802315920144324e-07
Bot,0.7536564001380275,1.0,1.8023159174723788e-07
Bot,0.7679457799877899,1.0,1.802283131190946e-07
Bot,0.7679811716406686,1.0,1.8022831296520607e-07
Bot,0.7680873465993046,1.0,1.802283125733276e-07
Bot,0.7681050424257438,1.0,1.8022831251988972e-07
Bot,0.7681138903389636,1.0,1.8022831243082633e-07
Bot,0.7681492819918422,1.0,1.8022831223488744e-07
Bot,0.7681581299050619,1.0,1.802283122170749e-07
Bot,0.7681935215579405,1.0,1.8022831216363693e-07
Bot,0.7682200652975996,1.0,1.802283120923865e-07
Bot,0.7682289132108192,1.0,1.8022831207457367e-07
Bot,0.7682643048636979,1.0,1.8022831200332316e-07
Bot,0.7682820006901372,1.0,1.8022831191425982e-07
Bot,0.7682996965165766,1.0,1.8022831189644724e-07
Bot,0.7683793277355536,1.0,1.8022831157581928e-07
Bot,0.7683970235619929,1.0,1.8022831148675633e-07
Bot,0.768423567301652,1.0,1.8022831132644285e-07
Bot,0.7684412631280912,1.0,1.802283111661287e-07
Bot,0.768609373479265,1.0,1.802282973969549e-07
Bot,0.7686270693057042,1.0,1.8022829730789156e-07
Bot,0.768689004698242,1.0,1.8022829707632758e-07
Bot,0.7687243963511206,1.0,1.8022829698726397e-07
Bot,0.76874209217756,1.0,1.8022829677351256e-07
Bot,0.7687597880039992,1.0,1.8022829666663667e-07
Bot,0.7688305713097566,1.0,1.8022829397692743e-07
Bot,0.7688659629626352,1.0,1.8022829392348947e-07
Bot,0.7689013546155139,1.0,1.8022829363848734e-07
Bot,0.7689190504419533,1.0,1.802282936028619e-07
Bot,0.7690517691402483,1.0,1.8022828818781844e-07
Bot,0.7690694649666876,1.0,1.8022828817000595e-07
Bot,0.9494607196892613,1.0,1.8008981916667432e-07
Bot,0.9494872634289203,1.0,1.8008979035015574e-07
Bot,0.9495049592553596,1.0,1.8008976076828667e-07
Bot,0.949522655081799,1.0,1.800897303854689e-07
Bot,0.9498677236973659,1.0,1.8008780145135163e-07
Bot,0.949894267437025,1.0,1.8008762002853446e-07
Bot,0.9510356482423621,1.0,1.8007635452278166e-07
Bot,0.9510533440688014,1.0,1.800763446273001e-07
Bot,0.9512922377257323,1.0,1.800754056787969e-07
Bot,0.9513099335521717,1.0,1.8007537088460875e-07
Bot,0.9513895647711488,1.0,1.8007491731492406e-07
Bot,0.9514072605975881,1.0,1.8007486863878333e-07
Bot,0.9515665230355421,1.0,1.8007369342076939e-07
Bot,0.9515842188619814,1.0,1.800736934029718e-07
Bot,1.0,1.0,1.1668575680962546e-21
DDoS,0.0,0.0,inf
DDoS,0.0,0.0001942124684404739,0.9999420982868723
DDoS,0.0,0.9281413866770246,0.9999104163199316
DDoS,0.0,0.9285298116139056,0.999910415316829
DDoS,0.0,0.9982520877840357,0.9191066796857675
DDoS,9.26389120486169e-06,0.9982520877840357,0.8068171613104101
DDoS,9.26389120486169e-06,0.9984463002524762,0.7584137325921358
DDoS,2.779167361458507e-05,0.9984463002524762,0.6220428689555947
DDoS,2.779167361458507e-05,0.9988347251893571,0.4436694485602247
DDoS,0.007448168528708799,0.9988347251893571,0.00010768521558786442
DDoS,0.0074666963111185225,0.9988347251893571,0.00010766671623219482
DDoS,0.028106645915550368,0.9988347251893571,2.2921528569421196e-05
DDoS,0.028125173697960092,0.9988347251893571,2.292104858697294e-05
DDoS,0.02906082670965112,0.9988347251893571,2.2917461629388016e-05
DDoS,0.029079354492060845,0.9988347251893571,2.2917428912436524e-05
DDoS,0.029227576751338632,0.9988347251893571,2.2917062070452508e-05
DDoS,0.029246104533748356,0.9988347251893571,2.2917045985723324e-05
DDoS,0.030218813110258834,0.9988347251893571,2.289431791390405e-05
DDoS,0.030237340892668555,0.9988347251893571,2.289427254325309e-05
DDoS,0.03271079984436663,0.9988347251893571,2.2747900685858186e-05
DDoS,0.03272932762677635,0.9988347251893571,2.2747727239644848e-05
DDoS,0.03336853611991181,0.9988347251893571,2.2735321666777228e-05
DDoS,0.03338706390232153,0.9988347251893571,2.2735137601103002e-05
DDoS,0.03382246678895003,0.9988347251893571,2.2725020816803763e-05
DDoS,0.03384099457135976,0.9988347251893571,2.272482383583812e-05
DDoS,0.03634224519667241,0.9988347251893571,2.266109760329728e-05
DDoS,0.036360772979082134,0.9988347251893571,2.2661029652740606e-05
DDoS,0.037185259296314825,0.9988347251893571,2.2654977699847376e-05
DDoS,0.03720378707872455,0.9988347251893571,2.265496701245993e-05
DDoS,0.03792637059270376,0.9988347251893571,2.2486373586329133e-05
DDoS,0.03794489837511348,0.9988347251893571,2.2486330076725763e-05
DDoS,0.042956663516943654,0.9988347251893571,2.096386941694403e-05
DDoS,0.04297519129935338,0.9988347251893571,2.0963833292735072e-05
DDoS,0.0443740388712875,0.9988347251893571,2.0757250446541037e-05
DDoS,0.044392566653697216,0.9988347251893571,2.0756927637287127e-05
DDoS,0.10386674818890927,0.9988347251893571,1.1398462015283082e-05
DDoS,0.10386674818890927,0.9990289376577977,1.1397965326166702e-05
DDoS,0.1256183647379245,0.9990289376577977,7.102501460990304e-06
DDoS,0.1256183647379245,0.9992231501262381,7.102138255460061e-06
DDoS,0.17716265540177495,0.9992231501262381,6.538293472180642e-06
DDoS,0.1771811831841847,0.9992231501262381,6.537696992446304e-06
DDoS,0.18489800455783448,0.9992231501262381,4.904341491183852e-06
DDoS,0.18489800455783448,0.9994173625946786,4.904038549562646e-06
DDoS,0.19590350730921016,0.9994173625946786,3.112960631516767e-06
DDoS,0.19590350730921016,0.999611575063119,3.112816188207838e-06
DDoS,0.2195449576640172,0.999611575063119,1.999613549992554e-06
DDoS,0.2195449576640172,0.9998057875315596,1.999172603816561e-06
DDoS,0.24397383877123746,0.9998057875315596,1.6006094358932155e-06
DDoS,0.24397383877123746,1.0,1.6005176087462181e-06
DDoS,0.31965056602375264,1.0,8.226797279743424e-07
DDoS,0.3196690938061623,1.0,8.226254027633684e-07
DDoS,0.32974820743705185,1.0,7.875136320860467e-07
DDoS,0.3297667352194616,1.0,7.874849271800547e-07
DDoS,0.38822188872213886,1.0,6.326551027535988e-07
DDoS,0.38824041650454855,1.0,6.326485334540156e-07
DDoS,0.4351342337835584,1.0,5.713599660729e-07
DDoS,0.43515276156596816,1.0,5.713437071412735e-07
DDoS,0.4354121505197043,1.0,5.710509453942652e-07
DDoS,0.4354584699757286,1.0,5.710504929325916e-07
DDoS,0.43582902562392306,1.0,5.706831984421435e-07
DDoS,0.4358846089711522,1.0,5.706811679742412e-07
DDoS,0.43590313675356196,1.0,5.706811655013632e-07
DDoS,0.43627369240175645,1.0,5.702576534186029e-07
DDoS,0.43632001185778074,1.0,5.702484895220993e-07
DDoS,0.43635706742260016,1.0,5.702484870510967e-07
DDoS,0.4368665814388676,1.0,5.697300709994286e-07
DDoS,0.4369314286773016,1.0,5.697188291249092e-07
DDoS,0.43694995645971135,1.0,5.697178169556456e-07
DDoS,0.4374872621495933,1.0,5.690810816898711e-07
DDoS,0.43750578993200306,1.0,5.690705575815868e-07
DDoS,0.44644544494469457,1.0,5.570886375698999e-07
DDoS,0.4464639727271043,1.0,5.570853195650753e-07
DDoS,0.4471495006762641,1.0,5.559831855481093e-07
DDoS,0.44716802845867376,1.0,5.559696569927225e-07
DDoS,0.46237007392585183,1.0,5.456844231580235e-07
DDoS,0.4623886017082615,1.0,5.456830943672585e-07
DDoS,0.4624163933818761,1.0,5.456814143514837e-07
DDoS,0.4940803735200934,1.0,5.306257031733622e-07
DDoS,0.4941822763233469,1.0,5.306127841598503e-07
DDoS,0.4968039575343227,1.0,5.285252616089636e-07
DDoS,0.49682248531673245,1.0,5.284901866514407e-07
DDoS,0.4970077631408297,1.0,5.283125016774487e-07
DDoS,0.49713745761769773,1.0,5.28311572305132e-07
DDoS,0.49721156874733663,1.0,5.28307126529325e-07
DDoS,0.5022603894539862,1.0,5.233077640447342e-07
DDoS,0.5022881811276009,1.0,5.232936894625589e-07
DDoS,0.5025105145165175,1.0,5.230277739303983e-07
DDoS,0.502547570081337,1.0,5.23025139737527e-07
DDoS,0.5028995979471217,1.0,5.226906896395135e-07
DDoS,0.5029181257295314,1.0,5.226868721156524e-07
DDoS,0.502945917403146,1.0,5.226868664533713e-07
DDoS,0.5033072091601356,1.0,5.222917758943514e-07
DDoS,0.5033813202897746,1.0,5.22290581191137e-07
DDoS,0.5038352509588128,1.0,5.218054654749271e-07
DDoS,0.5038537787412225,1.0,5.218045350357685e-07
DDoS,0.505826987567858,1.0,5.201018491185137e-07
DDoS,0.5058547792414726,1.0,5.200990951253356e-07
DDoS,0.5098382524595632,1.0,5.15986252873039e-07
DDoS,0.5098567802419728,1.0,5.159856581009589e-07
DDoS,0.5121820169343931,1.0,5.13880163364998e-07
DDoS,0.5122005447168029,1.0,5.138793719727996e-07
DDoS,0.5142478646730773,1.0,5.12650249372377e-07
DDoS,0.514266392455487,1.0,5.126282468769049e-07
DDoS,0.5185185185185185,1.0,5.111596240383921e-07
DDoS,0.5185370463009282,1.0,5.111559936760435e-07
DDoS,0.553980694050729,1.0,4.997969707933036e-07
DDoS,0.5540177496155485,1.0,4.997954309633186e-07
DDoS,0.7984733107294388,1.0,4.926470095348084e-07
DDoS,0.7985011024030534,1.0,4.926469949604788e-07
DDoS,0.8871565412335798,1.0,4.869502270245265e-07
DDoS,0.8871843329071943,1.0,4.869497203642545e-07
DDoS,0.8892038611898542,1.0,4.867671462081734e-07
DDoS,0.8892223889722639,1.0,4.867670966404467e-07
DDoS,0.8918811257480592,1.0,4.864800430207075e-07
DDoS,0.8919181813128787,1.0,4.864800345886239e-07
DDoS,0.8919459729864933,1.0,4.864800293185715e-07
DDoS,0.8928353065421599,1.0,4.864085605524333e-07
DDoS,0.8928723621069794,1.0,4.864085563370114e-07
DDoS,0.8955033072091602,1.0,4.85992789730613e-07
DDoS,0.8955866822300039,1.0,4.859902036376616e-07
DDoS,0.8964667518944658,1.0,4.858440382308432e-07
DDoS,0.8964852796768755,1.0,4.858440308624152e-07
DDoS,0.8968002519778407,1.0,4.858378993822133e-07
DDoS,0.8968187797602505,1.0,4.858378962243564e-07
DDoS,0.8968280436514554,1.0,4.858378930664972e-07
DDoS,0.896846571433865,1.0,4.858378856981626e-07
DDoS,0.8968928908898894,1.0,4.858378656983975e-07
DDoS,0.8969114186722991,1.0,4.858378635931593e-07
DDoS,0.8969670020195283,1.0,4.858378541195868e-07
DDoS,0.8970040575843478,1.0,4.858378530669672e-07
DDoS,0.8970225853667575,1.0,4.858378488564907e-07
DDoS,0.8970411131491671,1.0,4.858378446460137e-07
DDoS,0.8970596409315769,1.0,4.858378425407763e-07
DDoS,0.8973375576677227,1.0,4.858368972897009e-07
DDoS,0.8973560854501325,1.0,4.858367783439837e-07
DDoS,0.8996072110129139,1.0,4.855514000297871e-07
DDoS,0.8996257387953236,1.0,4.855513663658352e-07
DDoS,0.900005558334723,1.0,4.854870211399266e-07
DDoS,0.9000240861171327,1.0,4.85487020088068e-07
DDoS,0.9002927389620736,1.0,4.854860513268343e-07
DDoS,0.9003112667444834,1.0,4.854860376526934e-07
DDoS,0.900672558501473,1.0,4.854832155287296e-07
DDoS,0.9006910862838827,1.0,4.854831997509671e-07
DDoS,0.9009504752376188,1.0,4.854799073881759e-07
DDoS,0.9009875308024382,1.0,4.854798958178953e-07
DDoS,0.9010986974968966,1.0,4.854798726773356e-07
DDoS,0.9011172252793063,1.0,4.854798695218049e-07
DDoS,0.9011264891705112,1.0,4.854798642625866e-07
DDoS,0.9011635447353307,1.0,4.85479852692308e-07
DDoS,0.9011728086265355,1.0,4.854798516404641e-07
DDoS,0.901209864191355,1.0,4.854798484849341e-07
DDoS,0.9012376558649695,1.0,4.854798442775604e-07
DDoS,0.9012469197561744,1.0,4.854798432257165e-07
DDoS,0.9012839753209938,1.0,4.854798390183427e-07
DDoS,0.9013025031034035,1.0,4.854798337591242e-07
DDoS,0.9013210308858133,1.0,4.854798327072811e-07
DDoS,0.901404405906657,1.0,4.854798137740979e-07
DDoS,0.9014229336890668,1.0,4.854798085148819e-07
DDoS,0.9014507253626813,1.0,4.854797990482911e-07
DDoS,0.9014692531450911,1.0,4.854797895816996e-07
DDoS,0.9015618920571397,1.0,4.854789765074312e-07
DDoS,0.9015804198395494,1.0,4.854789712482228e-07
DDoS,0.9016267392955737,1.0,4.854789575742821e-07
DDoS,0.9016637948603932,1.0,4.854789523150743e-07
DDoS,0.9016823226428029,1.0,4.854789396929753e-07
DDoS,0.9017008504252126,1.0,4.854789333819254e-07
DDoS,0.9017564337724417,1.0,4.854787745538782e-07
DDoS,0.9017934893372612,1.0,4.854787713983542e-07
DDoS,0.9018212810108758,1.0,4.854787545688959e-07
DDoS,0.9018398087932855,1.0,4.854787524652127e-07
DDoS,0.9019602393789488,1.0,4.854784327056076e-07
DDoS,0.9019787671613585,1.0,4.854784316537677e-07
DDoS,0.9032386563652196,1.0,4.852760173358e-07
DDoS,0.9032664480388343,1.0,4.852743151190812e-07
DDoS,0.9033220313860634,1.0,4.852709250535597e-07
DDoS,0.9033405591684731,1.0,4.852707729713737e-07
DDoS,0.9034424619717266,1.0,4.852511820627539e-07
DDoS,0.9034609897541364,1.0,4.852505975135634e-07
DDoS,0.9040260871176329,1.0,4.851933053978099e-07
DDoS,0.9040446149000426,1.0,4.851930746375103e-07
DDoS,0.9043040038537787,1.0,4.85163550216205e-07
DDoS,0.9043225316361885,1.0,4.851634100532913e-07
DDoS,0.9044614900042613,1.0,4.851471748193605e-07
DDoS,0.904489281677876,1.0,4.851461287559508e-07
DDoS,0.9047764623052267,1.0,4.850940039045126e-07
DDoS,0.9047949900876364,1.0,4.850940028535054e-07
DDoS,0.9090934356066922,1.0,4.838924158204404e-07
DDoS,0.9091582828451262,1.0,4.838825116731906e-07
DDoS,0.909176810627536,1.0,4.838816801195264e-07
DDoS,0.9092231300835603,1.0,4.83878435570485e-07
DDoS,0.9208585774368666,1.0,4.7636685631603503e-07
DDoS,0.9208863691104812,1.0,4.7636066787131097e-07
DDoS,0.9263891204861691,1.0,4.723146965988219e-07
DDoS,0.9264076482685787,1.0,4.7230392544061236e-07
DDoS,0.9796657588053286,1.0,4.161807850204457e-07
DDoS,0.9796842865877383,1.0,4.1603586782883164e-07
DDoS,0.9796935504789431,1.0,4.159980989446544e-07
DDoS,0.9797120782613529,1.0,4.1599419810792236e-07
DDoS,0.980110425583162,1.0,4.140112537848567e-07
DDoS,0.9801289533655717,1.0,4.1389263660082883e-07
DDoS,0.9810738702684676,1.0,4.102157205575984e-07
DDoS,0.9810923980508773,1.0,4.1017580544799786e-07
DDoS,0.9814073703518426,1.0,4.082331442384543e-07
DDoS,0.9814258981342523,1.0,4.0812830561042137e-07
DDoS,0.9845848850351101,1.0,3.831385091151768e-07
DDoS,0.9846034128175198,1.0,3.830339728158005e-07
DDoS,0.984992496248124,1.0,3.792487830867887e-07
DDoS,0.9850110240305338,1.0,3.7908434470599154e-07
DDoS,0.9850480795953532,1.0,3.7897781964338537e-07
DDoS,0.985066607377763,1.0,3.7890791006818455e-07
DDoS,0.9850758712689678,1.0,3.7889256842491553e-07
DDoS,0.9851036629425824,1.0,3.786850044090766e-07
DDoS,0.9978044577844478,1.0,7.773582435220702e-08
DDoS,0.9978229855668576,1.0,7.759833570807042e-08
DDoS,1.0,1.0,2.5726e-320
DoS GoldenEye,0.0,0.0,inf
DoS GoldenEye,0.0,0.0024813895781637717,0.999927660692292
DoS GoldenEye,0.0,0.9875930521091811,0.9990012810778329
DoS GoldenEye,8.873744365172327e-06,0.9875930521091811,0.9981219389278105
DoS GoldenEye,8.873744365172327e-06,0.9900744416873449,0.9951951535441532
DoS GoldenEye,1.7747488730344655e-05,0.9900744416873449,0.993366775786097
DoS GoldenEye,1.7747488730344655e-05,0.9925558312655087,0.9924336151508214
DoS GoldenEye,3.549497746068931e-05,0.9925558312655087,0.8948874978480611
DoS GoldenEye,3.549497746068931e-05,0.9950372208436724,0.8346061568460654
DoS GoldenEye,4.436872182586164e-05,0.9950372208436724,0.8190741111344512
DoS GoldenEye,4.436872182586164e-05,0.9975186104218362,0.7890109787686417
DoS GoldenEye,0.0001242324211124126,0.9975186104218362,0.3732444940380769
DoS GoldenEye,0.0001242324211124126,1.0,0.15450639023740406
DoS GoldenEye,0.0073652078230930325,1.0,6.0457770717213276e-05
DoS GoldenEye,0.007382955311823377,1.0,6.0218418000590296e-05
DoS GoldenEye,0.03288609661732865,1.0,1.2315704031912077e-05
DoS GoldenEye,0.03290384410605899,1.0,1.2315683914860494e-05
DoS GoldenEye,0.03602740212259965,1.0,1.2261403481121359e-05
DoS GoldenEye,0.03604514961133,1.0,1.226140286984053e-05
DoS GoldenEye,0.04317964008092855,1.0,1.1922607319013175e-05
DoS GoldenEye,0.04319738756965889,1.0,1.1922497860080856e-05
DoS GoldenEye,0.044120256983636814,1.0,1.1910238170289027e-05
DoS GoldenEye,0.04413800447236716,1.0,1.19100666978097e-05
DoS GoldenEye,0.04728818372200334,1.0,1.1865032107182331e-05
DoS GoldenEye,0.04730593121073368,1.0,1.1865023214860343e-05
DoS GoldenEye,0.048628119121144356,1.0,1.185435174039439e-05
DoS GoldenEye,0.0486458666098747,1.0,1.1854208305404191e-05
DoS GoldenEye,0.0489032051964647,1.0,1.1853045505298268e-05
DoS GoldenEye,0.04892095268519504,1.0,1.185293369024037e-05
DoS GoldenEye,0.04908068008376815,1.0,1.1852551123539593e-05
DoS GoldenEye,0.04909842757249849,1.0,1.1852547320533434e-05
DoS GoldenEye,0.051095020054662266,1.0,1.1832269468392893e-05
DoS GoldenEye,0.05111276754339261,1.0,1.1832252493965087e-05
DoS GoldenEye,0.05185816207006708,1.0,1.1831138074640914e-05
DoS GoldenEye,0.05187590955879743,1.0,1.1831137899526612e-05
DoS GoldenEye,0.052133248145387424,1.0,1.183068939216745e-05
DoS GoldenEye,0.05215099563411777,1.0,1.1830642963244947e-05
DoS GoldenEye,0.05516806871827636,1.0,1.1740753109763672e-05
DoS GoldenEye,0.05518581620700671,1.0,1.174071464685346e-05
DoS GoldenEye,0.09949242182231215,1.0,7.1619162082680185e-06
DoS GoldenEye,0.09951016931104249,1.0,7.156435050849524e-06
DoS GoldenEye,0.10218116636495936,1.0,6.645924824414691e-06
DoS GoldenEye,0.1021989138536897,1.0,6.6456800159985805e-06
DoS GoldenEye,0.18437866041955064,1.0,3.320311556408295e-06
DoS GoldenEye,0.184396407908281,1.0,3.3202684169967058e-06
DoS GoldenEye,0.35216341887622904,1.0,3.483563933228899e-07
DoS GoldenEye,0.3521811663649594,1.0,3.48350607794624e-07
DoS GoldenEye,0.35744329677350656,1.0,3.3981387539338767e-07
DoS GoldenEye,0.3574610442622369,1.0,3.3981353622576767e-07
DoS GoldenEye,0.4719678415504206,1.0,2.4396454392776835e-07
DoS GoldenEye,0.47198558903915094,1.0,2.439616046312868e-07
DoS GoldenEye,0.47303269087424127,1.0,2.4345176778161345e-07
DoS GoldenEye,0.4730504383629716,1.0,2.4345152779914325e-07
DoS GoldenEye,0.47306818585170196,1.0,2.4345100831357306e-07
DoS GoldenEye,0.4730859333404323,1.0,2.4345046422333566e-07
DoS GoldenEye,0.47314804955098855,1.0,2.43450462561062e-07
DoS GoldenEye,0.47318354452844924,1.0,2.434495931040698e-07
DoS GoldenEye,0.4732279132502751,1.0,2.4344959310001567e-07
DoS GoldenEye,0.4732456607390054,1.0,2.4344888342626943e-07
DoS GoldenEye,0.47329890320519646,1.0,2.434488834222152e-07
DoS GoldenEye,0.4733432719270223,1.0,2.434482780706742e-07
DoS GoldenEye,0.47336101941575265,1.0,2.434477977415897e-07
DoS GoldenEye,0.48116991445710433,1.0,2.393682120630086e-07
DoS GoldenEye,0.4811876619458347,1.0,2.393655701601173e-07
DoS GoldenEye,0.4840272601426898,1.0,2.376796709095192e-07
DoS GoldenEye,0.4840627551201505,1.0,2.3766789315926789e-07
DoS GoldenEye,0.4935221666134242,1.0,2.3366604256845222e-07
DoS GoldenEye,0.49354878784651973,1.0,2.3365949789937608e-07
DoS GoldenEye,0.4976573314875945,1.0,2.32032375386553e-07
DoS GoldenEye,0.49767507897632485,1.0,2.3203216634870516e-07
DoS GoldenEye,0.4976928264650552,1.0,2.3202893874304955e-07
DoS GoldenEye,0.49771057395378554,1.0,2.3202772021724337e-07
DoS GoldenEye,0.4977638164199766,1.0,2.3202087531938487e-07
DoS GoldenEye,0.4977815639087069,1.0,2.3201970553810793e-07
DoS GoldenEye,0.49779931139743727,1.0,2.3201550759208775e-07
DoS GoldenEye,0.4978170588861676,1.0,2.320151166779298e-07
DoS GoldenEye,0.5027774819862989,1.0,2.307671928849603e-07
DoS GoldenEye,0.5027952294750293,1.0,2.3076707026559187e-07
DoS GoldenEye,0.5039221950094062,1.0,2.307228397266899e-07
DoS GoldenEye,0.5039399424981366,1.0,2.307225298115927e-07
DoS GoldenEye,0.5093174315834309,1.0,2.3043841068130374e-07
DoS GoldenEye,0.5093440528165265,1.0,2.3043831496036592e-07
DoS GoldenEye,0.5093618003052568,1.0,2.304383122342969e-07
DoS GoldenEye,0.5340929258509921,1.0,2.252992854322477e-07
DoS GoldenEye,0.5341195470840876,1.0,2.2528297268561806e-07
DoS GoldenEye,0.5342437795052,1.0,2.252375981918679e-07
DoS GoldenEye,0.5342704007382956,1.0,2.252360988527005e-07
DoS GoldenEye,0.5342881482270259,1.0,2.252239209890398e-07
DoS GoldenEye,0.5343591381819472,1.0,2.2522255508784182e-07
DoS GoldenEye,0.5344833706030596,1.0,2.252225478079357e-07
DoS GoldenEye,0.53450111809179,1.0,2.2521881971917865e-07
DoS GoldenEye,0.5345987292798069,1.0,2.2521878760610514e-07
DoS GoldenEye,0.5428513115394171,1.0,2.2366448363184572e-07
DoS GoldenEye,0.5428690590281475,1.0,2.2365917346159568e-07
DoS GoldenEye,0.544697050367373,1.0,2.2315854368163614e-07
DoS GoldenEye,0.5447147978561033,1.0,2.231575692335958e-07
DoS GoldenEye,0.5447325453448337,1.0,2.2315682362702682e-07
DoS GoldenEye,0.5448035352997551,1.0,2.2315677110436545e-07
DoS GoldenEye,0.5448301565328506,1.0,2.2315612090638992e-07
DoS GoldenEye,0.5448479040215809,1.0,2.2315612089710305e-07
DoS GoldenEye,0.5448656515103113,1.0,2.2315557196386536e-07
DoS GoldenEye,0.544901146487772,1.0,2.2315556627093784e-07
DoS GoldenEye,0.5449100202321372,1.0,2.2315512620760804e-07
DoS GoldenEye,0.5449366414652327,1.0,2.2315512620389348e-07
DoS GoldenEye,0.5574752422532212,1.0,2.1825193148416247e-07
DoS GoldenEye,0.5574929897419515,1.0,2.1824819531043906e-07
DoS GoldenEye,0.5575018634863167,1.0,2.1824779652343736e-07
DoS GoldenEye,0.557519610975047,1.0,2.182457841584329e-07
DoS GoldenEye,0.5674759521527704,1.0,2.12680766612618e-07
DoS GoldenEye,0.5675025733858658,1.0,2.126805527876407e-07
DoS GoldenEye,0.5675203208745963,1.0,2.1268007362205117e-07
DoS GoldenEye,0.5675291946189615,1.0,2.1267988918209413e-07
DoS GoldenEye,0.5675469421076917,1.0,2.1267969455191767e-07
DoS GoldenEye,0.5679728818372201,1.0,2.1251282177547722e-07
DoS GoldenEye,0.5679906293259503,1.0,2.1251051358220926e-07
DoS GoldenEye,0.581824796791254,1.0,2.1123256965092835e-07
DoS GoldenEye,0.5818602917687147,1.0,2.1123256699502782e-07
DoS GoldenEye,0.6203545948248322,1.0,2.064630975930978e-07
DoS GoldenEye,0.6203812160579278,1.0,2.0646213525981822e-07
DoS GoldenEye,0.6206119334114223,1.0,2.0645045852015318e-07
DoS GoldenEye,0.6206563021332482,1.0,2.0644972559241416e-07
DoS GoldenEye,0.6207184183438044,1.0,2.064497189153339e-07
DoS GoldenEye,0.6207539133212651,1.0,2.0644659134337879e-07
DoS GoldenEye,0.6208337770205516,1.0,2.064462736496422e-07
DoS GoldenEye,0.6435683100841231,1.0,2.050398346453211e-07
DoS GoldenEye,0.6435860575728535,1.0,2.0503983464020166e-07
DoS GoldenEye,0.6460085897845455,1.0,2.0491806429169102e-07
DoS GoldenEye,0.646035211017641,1.0,2.0491806426951983e-07
DoS GoldenEye,0.6460707059951017,1.0,2.049180642541702e-07
DoS GoldenEye,0.6468427217548717,1.0,2.0490076057990024e-07
DoS GoldenEye,0.6468782167323324,1.0,2.0490076056284653e-07
DoS GoldenEye,0.6525662868704079,1.0,2.0464891554309874e-07
DoS GoldenEye,0.6525840343591381,1.0,2.046489155209564e-07
DoS GoldenEye,0.6529389841337451,1.0,2.0464517200163478e-07
DoS GoldenEye,0.6529567316224755,1.0,2.0464517198971268e-07
DoS GoldenEye,0.6532229439534306,1.0,2.0464517027458788e-07
DoS GoldenEye,0.6532406914421609,1.0,2.0464517026777528e-07
DoS GoldenEye,0.6532584389308913,1.0,2.046451702626658e-07
DoS GoldenEye,0.6532761864196216,1.0,2.0464517025755617e-07
DoS GoldenEye,0.6533116813970823,1.0,2.0464517025074324e-07
DoS GoldenEye,0.6533649238632734,1.0,2.046451702354142e-07
DoS GoldenEye,0.6533826713520037,1.0,2.046451702337112e-07
DoS GoldenEye,0.6534270400738296,1.0,2.0464517020816314e-07
DoS GoldenEye,0.6534447875625599,1.0,2.04645170197944e-07
DoS GoldenEye,0.6534536613069251,1.0,2.0464517018602146e-07
DoS GoldenEye,0.6534714087956555,1.0,2.0464517018091205e-07
DoS GoldenEye,0.6660543783054698,1.0,2.0452363425152604e-07
DoS GoldenEye,0.6660721257942002,1.0,2.0452363421067335e-07
DoS GoldenEye,0.6702782806232918,1.0,2.0451004358532395e-07
DoS GoldenEye,0.6702960281120222,1.0,2.0451004356830328e-07
DoS GoldenEye,0.6706243566535335,1.0,2.0451003897951883e-07
DoS GoldenEye,0.6706421041422639,1.0,2.045100389761146e-07
DoS GoldenEye,0.6708905689844887,1.0,2.0451003739318843e-07
DoS GoldenEye,0.670908316473219,1.0,2.0451003738637998e-07
DoS GoldenEye,0.6711479075710787,1.0,2.0450629858473703e-07
DoS GoldenEye,0.6711656550598091,1.0,2.0450629855750453e-07
DoS GoldenEye,0.6712810137365562,1.0,2.0450629804178632e-07
DoS GoldenEye,0.6712987612252866,1.0,2.0450629803838223e-07
DoS GoldenEye,0.6713253824583821,1.0,2.045062980281697e-07
DoS GoldenEye,0.6713608774358428,1.0,2.0450629800434138e-07
DoS GoldenEye,0.6714141199020338,1.0,2.045062977660558e-07
DoS GoldenEye,0.6714318673907642,1.0,2.0450629774563152e-07
DoS GoldenEye,0.6714496148794945,1.0,2.0450629773371713e-07
DoS GoldenEye,0.6714851098569552,1.0,2.0450629770818647e-07
DoS GoldenEye,0.6715294785787811,1.0,2.0450629768606004e-07
DoS GoldenEye,0.6715472260675115,1.0,2.045062976843578e-07
DoS GoldenEye,0.6716359635111632,1.0,2.045062963635753e-07
DoS GoldenEye,0.6716537109998935,1.0,2.0450629636017078e-07
DoS GoldenEye,0.6716803322329891,1.0,2.0450629633634242e-07
DoS GoldenEye,0.6716980797217194,1.0,2.0450629632953447e-07
DoS GoldenEye,0.6717779434210059,1.0,2.045062962954936e-07
DoS GoldenEye,0.6717956909097362,1.0,2.0450629629038746e-07
DoS GoldenEye,0.6718134383984666,1.0,2.0450629628187695e-07
DoS GoldenEye,0.6718489333759273,1.0,2.0450629628017505e-07
DoS GoldenEye,0.6718578071202925,1.0,2.0450629627336676e-07
DoS GoldenEye,0.671884428353388,1.0,2.045062962716652e-07
DoS GoldenEye,0.6719199233308487,1.0,2.0450629626145271e-07
DoS GoldenEye,0.6719287970752139,1.0,2.0450629625975044e-07
DoS GoldenEye,0.6719642920526745,1.0,2.0450629625124022e-07
DoS GoldenEye,0.6719731657970397,1.0,2.045062962393258e-07
DoS GoldenEye,0.6719909132857701,1.0,2.045062962308161e-07
DoS GoldenEye,0.6720973982181522,1.0,2.0450629618996687e-07
DoS GoldenEye,0.6721328931956129,1.0,2.0450629618315884e-07
DoS GoldenEye,0.7218702303624037,1.0,2.0415538922955045e-07
DoS GoldenEye,0.7218968515954992,1.0,2.0415538775308862e-07
DoS GoldenEye,0.7227664785432861,1.0,2.0415518629697738e-07
DoS GoldenEye,0.7227842260320164,1.0,2.0415518629527842e-07
DoS GoldenEye,0.722810847265112,1.0,2.0415518339489626e-07
DoS GoldenEye,0.7228374684982075,1.0,2.041551805709737e-07
DoS GoldenEye,0.8317804280694282,1.0,2.0413954491192228e-07
DoS GoldenEye,0.8317981755581585,1.0,2.041395366651295e-07
DoS GoldenEye,0.8326056862953892,1.0,2.0413942449570073e-07
DoS GoldenEye,0.8326234337841195,1.0,2.0413942447522633e-07
DoS GoldenEye,0.8328630248819792,1.0,2.0413937712168143e-07
DoS GoldenEye,0.8328807723707096,1.0,2.0413937653012037e-07
DoS GoldenEye,0.8334841869875412,1.0,2.0413928534931218e-07
DoS GoldenEye,0.8335019344762716,1.0,2.0413928346147035e-07
DoS GoldenEye,1.0,1.0,5.131530226739867e-08
DoS Hulk,0.0,0.0,inf
DoS Hulk,0.0,0.00010876658690450294,0.999098464437714
DoS Hulk,0.0,0.6685882097019795,0.9986542731554771
DoS Hulk,0.0,0.6688057428757885,0.9986542366982789
DoS Hulk,0.0,0.6864259299543181,0.9986353498010205
DoS Hulk,0.0,0.6866434631281271,0.998635346126239
DoS Hulk,0.0,0.7380900587339569,0.9985329104487826
DoS Hulk,0.0,0.738307591907766,0.9985329060694134
DoS Hulk,0.0,0.7445072873613227,0.9985219528040965
DoS Hulk,0.0,0.7447248205351316,0.9985219495449184
DoS Hulk,0.0,0.7563628453339134,0.9985211148464259
DoS Hulk,0.0,0.7565803785077224,0.998521097914288
DoS Hulk,0.0,0.7829018925386121,0.9985115373144617
DoS Hulk,0.0,0.7831194257124211,0.9985115280411252
DoS Hulk,0.0,0.7880139221231238,0.998510638407241
DoS Hulk,0.0,0.7882314552969328,0.9985105772197657
DoS Hulk,0.0,0.795627583206439,0.9985094643651077
DoS Hulk,0.0,0.795845116380248,0.9985094437494488
DoS Hulk,0.0,0.8301065912551664,0.9984976196242046
DoS Hulk,0.0,0.8303241244289754,0.9984976062445353
DoS Hulk,0.0,0.8454426800087014,0.9984951304842983
DoS Hulk,0.0,0.8456602131825103,0.9984951291928427
DoS Hulk,0.0,0.8493582771372634,0.9984950438918823
DoS Hulk,0.0,0.8495758103110724,0.9984950286617998
DoS Hulk,0.0,0.8513160757015444,0.9984947314013727
DoS Hulk,0.0,0.8515336088753535,0.9984947151162892
DoS Hulk,0.0,0.9208179247335219,0.9972479992386699
DoS Hulk,9.624546443248862e-06,0.9208179247335219,0.9972477100536377
DoS Hulk,9.624546443248862e-06,0.943115075048945,0.997069619873609
DoS Hulk,1.9249092886497723e-05,0.943115075048945,0.9970695358012367
DoS Hulk,1.9249092886497723e-05,0.9581248640417663,0.9968899267757004
DoS Hulk,2.8873639329746587e-05,0.9581248640417663,0.9968852118689551
DoS Hulk,2.8873639329746587e-05,0.9593212964977159,0.9968635501234749
DoS Hulk,3.8498185772995446e-05,0.9593212964977159,0.9968624720925928
DoS Hulk,3.8498185772995446e-05,0.9624755275179465,0.9968241400264723
DoS Hulk,4.8122732216244306e-05,0.9624755275179465,0.9968208263096107
DoS Hulk,4.8122732216244306e-05,0.9657385251250816,0.9967943448636185
DoS Hulk,5.774727865949317e-05,0.9657385251250816,0.9967900899454611
DoS Hulk,5.774727865949317e-05,0.9674787905155536,0.9967593048030577
DoS Hulk,6.737182510274203e-05,0.9674787905155536,0.9967574792274954
DoS Hulk,6.737182510274203e-05,0.9681313900369807,0.9967509106563478
DoS Hulk,7.699637154599089e-05,0.9681313900369807,0.9967506136041708
DoS Hulk,7.699637154599089e-05,0.9719382205786382,0.9966177637241027
DoS Hulk,8.662091798923975e-05,0.9719382205786382,0.9966087458574846
DoS Hulk,8.662091798923975e-05,0.9741135523167282,0.996517513820626
DoS Hulk,9.624546443248861e-05,0.9741135523167282,0.9965153268684165
DoS Hulk,9.624546443248861e-05,0.9746573852512508,0.9965017636346418
DoS Hulk,0.00010587001087573749,0.9746573852512508,0.9965004799045655
DoS Hulk,0.00010587001087573749,0.9747661518381553,0.9964995680331598
DoS Hulk,0.00011549455731898635,0.9747661518381553,0.9964984114734142
DoS Hulk,0.00011549455731898635,0.9748749184250598,0.9964952175773254
DoS Hulk,0.00014436819664873294,0.9748749184250598,0.9964889092298739
DoS Hulk,0.00014436819664873294,0.9749836850119643,0.9964871064066324
DoS Hulk,0.00015399274309198179,0.9749836850119643,0.9964860447079954
DoS Hulk,0.00015399274309198179,0.9752012181857733,0.996483861834056
DoS Hulk,0.00016361728953523066,0.9752012181857733,0.9964821972052048
DoS Hulk,0.00016361728953523066,0.9757450511202959,0.9964767602640312
DoS Hulk,0.0001732418359784795,0.9757450511202959,0.9964763304820008
DoS Hulk,0.0001732418359784795,0.9759625842941049,0.9964721597615251
DoS Hulk,0.00018286638242172838,0.9759625842941049,0.9964699442076046
DoS Hulk,0.00018286638242172838,0.9761801174679139,0.9964678824170176
DoS Hulk,0.00019249092886497723,0.9761801174679139,0.9964645569348108
DoS Hulk,0.00019249092886497723,0.9767239504024364,0.9964395533819898
DoS Hulk,0.0002021154753082261,0.9767239504024364,0.9964384427532941
DoS Hulk,0.0002021154753082261,0.9775940830976724,0.996407757092729
DoS Hulk,0.00022136456819472382,0.9775940830976724,0.9964034766963167
DoS Hulk,0.00022136456819472382,0.9777028496845769,0.9964031617457858
DoS Hulk,0.0002309891146379727,0.9777028496845769,0.9963926513546818
DoS Hulk,0.0002309891146379727,0.9781379160321949,0.9963834547774901
DoS Hulk,0.00024061366108122154,0.9781379160321949,0.9963826594497125
DoS Hulk,0.00024061366108122154,0.9783554492060039,0.9963731080453538
DoS Hulk,0.0002502382075244704,0.9783554492060039,0.9963715391361044
DoS Hulk,0.0002502382075244704,0.9785729823798129,0.9963575550458015
DoS Hulk,0.0002598627539677193,0.9785729823798129,0.9963570112203654
DoS Hulk,0.0002598627539677193,0.979443115075049,0.9963264934852232
DoS Hulk,0.00026948730041096813,0.979443115075049,0.9963256564352042
DoS Hulk,0.00026948730041096813,0.9825973460952795,0.996163738873948
DoS Hulk,0.000279111846854217,0.9825973460952795,0.9961622095227305
DoS Hulk,0.000279111846854217,0.982923645855993,0.9961555108431844
DoS Hulk,0.0002887363932974659,0.982923645855993,0.9961513787756436
DoS Hulk,0.0002887363932974659,0.9844463780726561,0.9960281744399208
DoS Hulk,0.00030798548618396357,0.9844463780726561,0.9960112357693942
DoS Hulk,0.00030798548618396357,0.9853165107678921,0.9958948331135453
DoS Hulk,0.0003176100326272124,0.9853165107678921,0.9958842357141531
DoS Hulk,0.0003176100326272124,0.9854252773547966,0.9958837193165099
DoS Hulk,0.0003272345790704613,0.9854252773547966,0.9958618287265573
DoS Hulk,0.0003272345790704613,0.9855340439417011,0.9958419965433029
DoS Hulk,0.00033685912551371016,0.9855340439417011,0.9958390294821332
DoS Hulk,0.00033685912551371016,0.9858603437024146,0.9957943267788184
DoS Hulk,0.000346483671956959,0.9858603437024146,0.9957720380892744
DoS Hulk,0.000346483671956959,0.9861866434631281,0.9957272247291459
DoS Hulk,0.00036573276484345676,0.9861866434631281,0.9956951280240215
DoS Hulk,0.00036573276484345676,0.9864041766369371,0.9956736956579467
DoS Hulk,0.0003753573112867056,0.9864041766369371,0.9956712178081927
DoS Hulk,0.0003753573112867056,0.9866217098107462,0.9955909035623852
DoS Hulk,0.00038498185772995445,0.9866217098107462,0.9955829732524782
DoS Hulk,0.00038498185772995445,0.9880356754405046,0.9952980984592258
DoS Hulk,0.00039460640417320335,0.9880356754405046,0.995211626761022
DoS Hulk,0.00039460640417320335,0.9883619752012182,0.995159568357024
DoS Hulk,0.0004042309506164522,0.9883619752012182,0.9951398210587427
DoS Hulk,0.0004042309506164522,0.9884707417881227,0.9951119853873033
DoS Hulk,0.00042348004350294994,0.9884707417881227,0.9950404439957745
DoS Hulk,0.00042348004350294994,0.9890145747226452,0.9948168174814167
DoS Hulk,0.0004331045899461988,0.9890145747226452,0.9947708916118484
DoS Hulk,0.0004331045899461988,0.9892321078964542,0.99472941369119
DoS Hulk,0.00044272913638944764,0.9892321078964542,0.9946443655298927
DoS Hulk,0.00044272913638944764,0.9893408744833587,0.9943634839252954
DoS Hulk,0.0004523536828326965,0.9893408744833587,0.9943341758662769
DoS Hulk,0.0004523536828326965,0.9904285403524038,0.993352483936536
DoS Hulk,0.0004619782292759454,0.9904285403524038,0.9933269827079958
DoS Hulk,0.0004619782292759454,0.9905373069393082,0.9933134283851811
DoS Hulk,0.0004812273221624431,0.9905373069393082,0.9932459380321298
DoS Hulk,0.0004812273221624431,0.9910811398738307,0.9930950013547827
DoS Hulk,0.000490851868605692,0.9910811398738307,0.9930732275151084
DoS Hulk,0.000490851868605692,0.9915162062214488,0.9926421726337893
DoS Hulk,0.0005004764150489408,0.9915162062214488,0.9925419364705709
DoS Hulk,0.0005004764150489408,0.9920600391559713,0.9920088344096217
DoS Hulk,0.0005101009614921897,0.9920600391559713,0.9918503385583155
DoS Hulk,0.0005101009614921897,0.9944529040678703,0.9850914468136541
DoS Hulk,0.0005197255079354386,0.9944529040678703,0.9844035964642813
DoS Hulk,0.0005197255079354386,0.9946704372416794,0.9839171146321745
DoS Hulk,0.0005389746008219363,0.9946704372416794,0.9836259582672197
DoS Hulk,0.0005389746008219363,0.9947792038285839,0.9835727556239816
DoS Hulk,0.0005485991472651852,0.9947792038285839,0.9833514376816995
DoS Hulk,0.0005485991472651852,0.9948879704154884,0.9832903341988699
DoS Hulk,0.000558223693708434,0.9948879704154884,0.9828108015216513
DoS Hulk,0.000558223693708434,0.9949967370023929,0.9826264963338357
DoS Hulk,0.0005870973330381805,0.9949967370023929,0.9823717963681059
DoS Hulk,0.0005870973330381805,0.9952142701762019,0.9820653910646878
DoS Hulk,0.0005967218794814295,0.9952142701762019,0.9818586643578537
DoS Hulk,0.0005967218794814295,0.9953230367631064,0.9817907728637671
DoS Hulk,0.000625595518811176,0.9953230367631064,0.9811265332477176
DoS Hulk,0.000625595518811176,0.9954318033500109,0.9808021907347536
DoS Hulk,0.0006352200652544248,0.9954318033500109,0.9807888882297563
DoS Hulk,0.0006352200652544248,0.9957581031107244,0.9804475221485277
DoS Hulk,0.0006448446116976737,0.9957581031107244,0.9797915082615511
DoS Hulk,0.0006448446116976737,0.9964107026321514,0.9781133552228977
DoS Hulk,0.000692967343913918,0.9964107026321514,0.9759488547461054
DoS Hulk,0.000692967343913918,0.9965194692190559,0.9758940564617422
DoS Hulk,0.0007603391690166601,0.9965194692190559,0.9740986370731415
DoS Hulk,0.0007603391690166601,0.9966282358059604,0.974077837206368
DoS Hulk,0.0008565846334491487,0.9966282358059604,0.9726767339480304
DoS Hulk,0.0008565846334491487,0.9967370023928649,0.972620631976794
DoS Hulk,0.0010683246552006236,0.9967370023928649,0.9700458440913258
DoS Hulk,0.0010683246552006236,0.9968457689797694,0.9697159988140119
DoS Hulk,0.0011260719338601168,0.9968457689797694,0.9681780226738382
DoS Hulk,0.0011260719338601168,0.9970633021535784,0.9675642659644146
DoS Hulk,0.0012223173982926054,0.9970633021535784,0.966440904001966
DoS Hulk,0.0012223173982926054,0.9971720687404829,0.9663381951043115
DoS Hulk,0.0012319419447358543,0.9971720687404829,0.9654256286873718
DoS Hulk,0.0012319419447358543,0.9974983685011964,0.9619580060382382
DoS Hulk,0.0012415664911791032,0.9974983685011964,0.961954864363789
DoS Hulk,0.0012415664911791032,0.997607135088101,0.9473980082123495
DoS Hulk,0.001251191037622352,0.997607135088101,0.9443445906338664
DoS Hulk,0.001251191037622352,0.9977159016750055,0.9383613534495321
DoS Hulk,0.001260815584065601,0.9977159016750055,0.935247265271102
DoS Hulk,0.001260815584065601,0.998259734609528,0.9194730276810315
DoS Hulk,0.0012896892233953475,0.998259734609528,0.9025208955707693
DoS Hulk,0.0012896892233953475,0.9983685011964325,0.9020841306021425
DoS Hulk,0.0013089383162818453,0.9983685011964325,0.8973897947542958
DoS Hulk,0.0013089383162818453,0.9985860343702415,0.881916204832496
DoS Hulk,0.0013281874091683429,0.9985860343702415,0.8682379246516345
DoS Hulk,0.0013281874091683429,0.9989123341309549,0.8191350039803723
DoS Hulk,0.0013378119556115918,0.9989123341309549,0.8052756605323181
DoS Hulk,0.0013378119556115918,0.9991298673047639,0.8017420592092779
DoS Hulk,0.0013570610484980896,0.9991298673047639,0.7747430073600442
DoS Hulk,0.0013570610484980896,0.9994561670654775,0.6684668162684698
DoS Hulk,0.0013763101413845871,0.9994561670654775,0.6382432995188134
DoS Hulk,0.0013763101413845871,0.999564933652382,0.633961782331191
DoS Hulk,0.001472555605817076,0.999564933652382,0.2845413690598134
DoS Hulk,0.001472555605817076,0.9996737002392865,0.27260502092422956
DoS Hulk,0.0019922811137525146,0.9996737002392865,0.01182800738295799
DoS Hulk,0.0019922811137525146,0.999782466826191,0.011816651986391941
DoS Hulk,0.0020596529388552565,0.999782466826191,0.009590809255242739
DoS Hulk,0.0020596529388552565,0.9998912334130955,0.00948830249968828
DoS Hulk,0.002309891146379727,0.9998912334130955,0.005680325766589348
DoS Hulk,0.002309891146379727,1.0,0.0054837816923552
DoS Hulk,0.014658184233068017,1.0,2.1915090308449052e-05
DoS Hulk,0.014677433325954514,1.0,2.1895141326828905e-05
DoS Hulk,0.049123685046342194,1.0,2.6292062988052894e-06
DoS Hulk,0.04914293413922869,1.0,2.628759917209508e-06
DoS Hulk,0.1489494807557194,1.0,1.774466818245762e-06
DoS Hulk,0.14896872984860587,1.0,1.7739688182348298e-06
DoS Hulk,0.24032492468792407,1.0,9.151354880556736e-08
DoS Hulk,0.24034417378081058,1.0,9.150475428876538e-08
DoS Hulk,0.30183540100672757,1.0,5.973740276137897e-08
DoS Hulk,0.30185465009961404,1.0,5.973355040283453e-08
DoS Hulk,0.4057612535009288,1.0,4.1961056370843934e-08
DoS Hulk,0.40578050259381526,1.0,4.195935336363306e-08
DoS Hulk,0.40587674805824775,1.0,4.195260775460762e-08
DoS Hulk,0.405924870790464,1.0,4.195250512614316e-08
DoS Hulk,0.40596336897623697,1.0,4.1946755067530856e-08
DoS Hulk,0.4060211162548965,1.0,4.1943875850139386e-08
DoS Hulk,0.406040365347783,1.0,4.194387579234788e-08
DoS Hulk,0.40608848807999925,1.0,4.1938644096946205e-08
DoS Hulk,0.40613661081221547,1.0,4.1933761471943687e-08
DoS Hulk,0.4061751089979885,1.0,4.193376141416608e-08
DoS Hulk,0.4062424808230912,1.0,4.1921526208172916e-08
DoS Hulk,0.40630985264819397,1.0,4.192137289382726e-08
DoS Hulk,0.40632910174108045,1.0,4.192134921200828e-08
DoS Hulk,0.40641572265906967,1.0,4.190685876559527e-08
DoS Hulk,0.4064349717519562,1.0,4.190619934155209e-08
DoS Hulk,0.4429120027718694,1.0,3.969034512814561e-08
DoS Hulk,0.44293125186475585,1.0,3.969021299300759e-08
DoS Hulk,0.4476184059826181,1.0,3.955208447961999e-08
DoS Hulk,0.44763765507550457,1.0,3.955188008552071e-08
DoS Hulk,0.45701196331122895,1.0,3.8997608781424446e-08
DoS Hulk,0.4570312124041155,1.0,3.899753492663856e-08
DoS Hulk,0.45736807152962916,1.0,3.897546094680504e-08
DoS Hulk,0.45738732062251564,1.0,3.897268458785619e-08
DoS Hulk,0.4612756373855882,1.0,3.85739338013584e-08
DoS Hulk,0.4612948864784747,1.0,3.8572541213880974e-08
DoS Hulk,0.46179536289352363,1.0,3.851479631749689e-08
DoS Hulk,0.46181461198641016,1.0,3.851412771978142e-08
DoS Hulk,0.4618434856257399,1.0,3.8514090016352215e-08
DoS Hulk,0.4678780762456569,1.0,3.814290988021066e-08
DoS Hulk,0.46790694988498666,1.0,3.813913286754187e-08
DoS Hulk,0.46798394625653267,1.0,3.813401002784672e-08
DoS Hulk,0.4680224444423057,1.0,3.813290822757499e-08
DoS Hulk,0.46813793899962464,1.0,3.812515305145046e-08
DoS Hulk,0.46815718809251117,1.0,3.8125064511769524e-08
DoS Hulk,0.4681860617318409,1.0,3.812506438044414e-08
DoS Hulk,0.4683400544749329,1.0,3.811671538494568e-08
DoS Hulk,0.46841705084647883,1.0,3.811587095082926e-08
DoS Hulk,0.46853254540379785,1.0,3.810461026065887e-08
DoS Hulk,0.4685517944966843,1.0,3.810458865609052e-08
DoS Hulk,0.4728828403961463,1.0,3.782934874509067e-08
DoS Hulk,0.47290208948903284,1.0,3.782894201279767e-08
DoS Hulk,0.4832388523690821,1.0,3.708592063021973e-08
DoS Hulk,0.48326772600841184,1.0,3.7085193386959924e-08
DoS Hulk,0.49199718963243855,1.0,3.679508883662666e-08
DoS Hulk,0.4921030596433143,1.0,3.67949537163541e-08
DoS Hulk,0.49341199795959617,1.0,3.674460970516517e-08
DoS Hulk,0.49354674160980166,1.0,3.6744137882117676e-08
DoS Hulk,0.49356599070268814,1.0,3.6744077315031355e-08
DoS Hulk,0.49364298707423415,1.0,3.6744039563565395e-08
DoS Hulk,0.49967757769415116,1.0,3.6561628225164665e-08
DoS Hulk,0.4997064513334809,1.0,3.656154752166862e-08
DoS Hulk,0.5080413085533344,1.0,3.5937040325455e-08
DoS Hulk,0.5080701821926642,1.0,3.5936534127263904e-08
DoS Hulk,0.5131134445289266,1.0,3.555222028784727e-08
DoS Hulk,0.513132693621813,1.0,3.555212318853366e-08
DoS Hulk,0.5134503036544403,1.0,3.551970288003728e-08
DoS Hulk,0.5134695527473268,1.0,3.551962494236673e-08
DoS Hulk,0.518156706865189,1.0,3.5008393035927234e-08
DoS Hulk,0.518195205050962,1.0,3.500835874012909e-08
DoS Hulk,0.5199853706894063,1.0,3.48218603300446e-08
DoS Hulk,0.5200046197822927,1.0,3.482184325916101e-08
DoS Hulk,0.520745709858423,1.0,3.4767551925899295e-08
DoS Hulk,0.5207649589513094,1.0,3.4764701432914405e-08
DoS Hulk,0.5255772321729338,1.0,3.466525103469203e-08
DoS Hulk,0.5255964812658204,1.0,3.466512466753435e-08
DoS Hulk,0.526241325877518,1.0,3.461095692456469e-08
DoS Hulk,0.5262605749704046,1.0,3.461000746489554e-08
DoS Hulk,0.5608126967016679,1.0,3.395990794860984e-08
DoS Hulk,0.5608319457945544,1.0,3.395983818479223e-08
DoS Hulk,0.5827374134993888,1.0,3.344530399720328e-08
DoS Hulk,0.5828240344173781,1.0,3.344511362167018e-08
DoS Hulk,0.602506231893822,1.0,3.339893242957659e-08
DoS Hulk,0.6025736037189248,1.0,3.3398923853960934e-08
DoS Hulk,0.6026794737298005,1.0,3.3398836597688643e-08
DoS Hulk,0.6027275964620167,1.0,3.339883439389811e-08
DoS Hulk,0.8575759617328034,1.0,3.3286025226619075e-08
DoS Hulk,0.8575952108256898,1.0,3.328602414884402e-08
DoS Hulk,0.8811657250652063,1.0,3.3254832113686435e-08
DoS Hulk,0.8812042232509792,1.0,3.325483193040726e-08
DoS Hulk,0.881233096890309,1.0,3.325483181585767e-08
DoS Hulk,0.8833408725613805,1.0,3.32516101960862e-08
DoS Hulk,0.8833793707471536,1.0,3.325161010445551e-08
DoS Hulk,0.8933311517694729,1.0,3.323296245911733e-08
DoS Hulk,0.8933600254088027,1.0,3.323295596146415e-08
DoS Hulk,0.9017333808144291,1.0,3.3213055696523413e-08
DoS Hulk,0.9017526299073156,1.0,3.3213055536355465e-08
DoS Hulk,0.9025418427156621,1.0,3.3211907085754827e-08
DoS Hulk,0.9025610918085485,1.0,3.3211907017113864e-08
DoS Hulk,0.9025707163549918,1.0,3.321190694847286e-08
DoS Hulk,0.9025899654478783,1.0,3.3211906788310585e-08
DoS Hulk,0.9026380881800945,1.0,3.321190635358441e-08
DoS Hulk,0.902657337272981,1.0,3.321190630782376e-08
DoS Hulk,0.9027150845516405,1.0,3.321190610190083e-08
DoS Hulk,0.9027535827374135,1.0,3.321190607902051e-08
DoS Hulk,0.9027728318303,1.0,3.32119059874992e-08
DoS Hulk,0.9027920809231865,1.0,3.321190589597779e-08
DoS Hulk,0.9028113300160729,1.0,3.3211905850217254e-08
DoS Hulk,0.9031096909558137,1.0,3.321188530369075e-08
DoS Hulk,0.9031289400487003,1.0,3.321188271821572e-08
DoS Hulk,0.9150056303596693,1.0,3.318078464179132e-08
DoS Hulk,0.9150248794525558,1.0,3.318078391030698e-08
DoS Hulk,0.9156793486106968,1.0,3.317872660150157e-08
DoS Hulk,0.9156985977035832,1.0,3.317872657864411e-08
DoS Hulk,0.9159873340968807,1.0,3.317870552692171e-08
DoS Hulk,0.9160065831897671,1.0,3.317870522977482e-08
DoS Hulk,0.9163819405010539,1.0,3.3178643903281094e-08
DoS Hulk,0.9164011895939403,1.0,3.3178643560419925e-08
DoS Hulk,0.9169209151018758,1.0,3.31775578871043e-08
DoS Hulk,0.9169594132876489,1.0,3.317755763568089e-08
DoS Hulk,0.9170749078449678,1.0,3.31775571328343e-08
DoS Hulk,0.9170941569378543,1.0,3.317755706426433e-08
DoS Hulk,0.9171037814842975,1.0,3.3177556949981e-08
DoS Hulk,0.9171422796700706,1.0,3.317755669855772e-08
DoS Hulk,0.9171519042165138,1.0,3.317755667570106e-08
DoS Hulk,0.9171904024022868,1.0,3.3177556607131066e-08
DoS Hulk,0.9172192760416166,1.0,3.317755651570443e-08
DoS Hulk,0.9172289005880598,1.0,3.3177556492847767e-08
DoS Hulk,0.9172673987738328,1.0,3.3177556401421115e-08
DoS Hulk,0.9172866478667193,1.0,3.3177556287137795e-08
DoS Hulk,0.9173058969596057,1.0,3.317755626428113e-08
DoS Hulk,0.917392517877595,1.0,3.317755585286109e-08
DoS Hulk,0.9174117669704815,1.0,3.317755573857793e-08
DoS Hulk,0.9174406406098112,1.0,3.317755553286797e-08
DoS Hulk,0.9174598897026978,1.0,3.3177555327157894e-08
DoS Hulk,0.9175561351671302,1.0,3.317753765896267e-08
DoS Hulk,0.9175753842600167,1.0,3.3177537544679424e-08
DoS Hulk,0.9176235069922329,1.0,3.317753724754298e-08
DoS Hulk,0.917662005178006,1.0,3.3177537133259745e-08
DoS Hulk,0.9176812542708925,1.0,3.317753685897996e-08
DoS Hulk,0.917700503363779,1.0,3.317753672184007e-08
DoS Hulk,0.9177582506424384,1.0,3.3177533270486195e-08
DoS Hulk,0.9177967488282115,1.0,3.317753320191626e-08
DoS Hulk,0.9178256224675412,1.0,3.3177532836209816e-08
DoS Hulk,0.9178448715604277,1.0,3.317753279049652e-08
DoS Hulk,0.9179699906641899,1.0,3.317752584207667e-08
DoS Hulk,0.9179892397570765,1.0,3.3177525819220037e-08
DoS Hulk,0.9227341411535981,1.0,3.3150165874988924e-08
DoS Hulk,0.9227630147929279,1.0,3.315012890062058e-08
DoS Hulk,0.9227918884322577,1.0,3.315008698376204e-08
DoS Hulk,0.9228111375251441,1.0,3.315005196026682e-08
DoS Hulk,0.9231191230113281,1.0,3.314832062557789e-08
DoS Hulk,0.9231383721042146,1.0,3.3148307928473883e-08
DoS Hulk,0.9235233539619445,1.0,3.314734691633697e-08
DoS Hulk,0.9235522276012743,1.0,3.314734427127789e-08
DoS Hulk,0.92365809761215,1.0,3.3147071990731754e-08
DoS Hulk,0.9236773467050365,1.0,3.314705843226805e-08
DoS Hulk,0.9238217149016853,1.0,3.314647647073361e-08
DoS Hulk,0.9238409639945717,1.0,3.31464140163744e-08
DoS Hulk,0.9241585740271989,1.0,3.31449061731883e-08
DoS Hulk,0.9241778231200855,1.0,3.314490615035413e-08
DoS Hulk,0.9804525461737615,1.0,3.169136417109686e-08
DoS Hulk,0.9804717952666481,1.0,3.169131960650203e-08
DoS Hulk,0.9816459899327244,1.0,3.16001471490328e-08
DoS Hulk,0.9816652390256109,1.0,3.1599536476249174e-08
DoS Hulk,0.9817614844900434,1.0,3.159495652877564e-08
DoS Hulk,0.9817807335829299,1.0,3.15948591469759e-08
DoS Hulk,0.9818384808615894,1.0,3.1589672742733004e-08
DoS Hulk,0.9818673545009191,1.0,3.158894773416468e-08
DoS Hulk,0.9981617116293394,1.0,2.0107258069689393e-08
DoS Hulk,0.998180960722226,1.0,2.0097860705672367e-08
DoS Hulk,1.0,1.0,1.0110595861081479e-107
DoS Slowhttptest,0.0,0.0,inf
DoS Slowhttptest,0.0,0.0045871559633027525,0.999955126720513
DoS Slowhttptest,0.0,0.944954128440367,0.9998062248707612
DoS Slowhttptest,8.859200722910779e-06,0.944954128440367,0.9997967658883679
DoS Slowhttptest,8.859200722910779e-06,0.9770642201834863,0.9932930384880748
DoS Slowhttptest,1.7718401445821557e-05,0.9770642201834863,0.9874146788764542
DoS Slowhttptest,1.7718401445821557e-05,0.981651376146789,0.98572300810988
DoS Slowhttptest,0.00022148001807276946,0.981651376146789,0.0062684833071754665
DoS Slowhttptest,0.00022148001807276946,0.9862385321100917,0.006169156033095187
DoS Slowhttptest,0.002737493023379431,0.9862385321100917,0.0004373016962542794
DoS Slowhttptest,0.002737493023379431,0.9908256880733946,0.0004368238331657787
DoS Slowhttptest,0.0060596932944709725,0.9908256880733946,0.00012194176034685266
DoS Slowhttptest,0.006077411695916794,0.9908256880733946,0.00012127450472111534
DoS Slowhttptest,0.006228018108206277,0.9908256880733946,0.0001106674145753834
DoS Slowhttptest,0.006228018108206277,0.9954128440366973,0.00010989760043762507
DoS Slowhttptest,0.02628524854487628,0.9954128440366973,2.4117276826224812e-05
DoS Slowhttptest,0.026302966946322105,0.9954128440366973,2.4117265609282672e-05
DoS Slowhttptest,0.03101606173091064,0.9954128440366973,2.3917494214525395e-05
DoS Slowhttptest,0.03103378013235646,0.9954128440366973,2.391746387015243e-05
DoS Slowhttptest,0.032433533846576365,0.9954128440366973,2.3912244283108662e-05
DoS Slowhttptest,0.032451252248022186,0.9954128440366973,2.3912237501338184e-05
DoS Slowhttptest,0.03309797390079467,0.9954128440366973,2.390112990894129e-05
DoS Slowhttptest,0.03311569230224049,0.9954128440366973,2.3901048807202878e-05
DoS Slowhttptest,0.033239721112361245,0.9954128440366973,2.390020174181555e-05
DoS Slowhttptest,0.033257439513807066,0.9954128440366973,2.3900031128142258e-05
DoS Slowhttptest,0.03344348272898819,0.9954128440366973,2.389861021791159e-05
DoS Slowhttptest,0.033461201130434014,0.9954128440366973,2.389860289754716e-05
DoS Slowhttptest,0.03498498365477467,0.9954128440366973,2.3827055462750136e-05
DoS Slowhttptest,0.03500270205622049,0.9954128440366973,2.3827010338847922e-05
DoS Slowhttptest,0.035879762927788654,0.9954128440366973,2.3825681927187075e-05
DoS Slowhttptest,0.035897481329234475,0.9954128440366973,2.3825674777417742e-05
DoS Slowhttptest,0.037235220638394004,0.9954128440366973,2.382352716711943e-05
DoS Slowhttptest,0.037252939039839825,0.9954128440366973,2.3823483866880406e-05
DoS Slowhttptest,0.03789966069261231,0.9954128440366973,2.3822769995833956e-05
DoS Slowhttptest,0.03791737909405814,0.9954128440366973,2.3822767309824955e-05
DoS Slowhttptest,0.03955633122779663,0.9954128440366973,2.3809721569338824e-05
DoS Slowhttptest,0.03957404962924245,0.9954128440366973,2.38094938357517e-05
DoS Slowhttptest,0.04048654730370226,0.9954128440366973,2.3619333195592616e-05
DoS Slowhttptest,0.04050426570514808,0.9954128440366973,2.3619282777960592e-05
DoS Slowhttptest,0.17321509253435155,0.9954128440366973,6.936304728945043e-06
DoS Slowhttptest,0.17323281093579737,0.9954128440366973,6.9357933480854205e-06
DoS Slowhttptest,0.17992150748159502,0.9954128440366973,6.415285809141096e-06
DoS Slowhttptest,0.17993922588304084,0.9954128440366973,6.414972848775126e-06
DoS Slowhttptest,0.18031131231340308,0.9954128440366973,6.351999986144655e-06
DoS Slowhttptest,0.18031131231340308,1.0,6.35174386299174e-06
DoS Slowhttptest,0.3521886655385951,1.0,6.82705293022234e-07
DoS Slowhttptest,0.35220638394004095,1.0,6.826455228578108e-07
DoS Slowhttptest,0.36027711579861266,1.0,6.602536119669249e-07
DoS Slowhttptest,0.3602948342000585,1.0,6.602376624777468e-07
DoS Slowhttptest,0.4483375709843458,1.0,5.129666348538148e-07
DoS Slowhttptest,0.4483552893857916,1.0,5.129644565351446e-07
DoS Slowhttptest,0.4493298014653118,1.0,5.11425346081133e-07
DoS Slowhttptest,0.44934751986675764,1.0,5.114041531141902e-07
DoS Slowhttptest,0.4493918158703722,1.0,5.11365576835395e-07
DoS Slowhttptest,0.44943611187398674,1.0,5.113445683293077e-07
DoS Slowhttptest,0.44953356308193876,1.0,5.112737350835023e-07
DoS Slowhttptest,0.4495867182862762,1.0,5.112694832084092e-07
DoS Slowhttptest,0.44960443668772204,1.0,5.112694827055377e-07
DoS Slowhttptest,0.44968416949422824,1.0,5.111973155970369e-07
DoS Slowhttptest,0.4497284654978428,1.0,5.111814702690127e-07
DoS Slowhttptest,0.44976390230073443,1.0,5.111814697662282e-07
DoS Slowhttptest,0.4498170575050719,1.0,5.111089688177821e-07
DoS Slowhttptest,0.44987907191013227,1.0,5.110736594863421e-07
DoS Slowhttptest,0.4498967903115781,1.0,5.110734533881329e-07
DoS Slowhttptest,0.45003853752314465,1.0,5.109476196361932e-07
DoS Slowhttptest,0.4500562559245905,1.0,5.109416002080818e-07
DoS Slowhttptest,0.4578789301629207,1.0,4.997460629653826e-07
DoS Slowhttptest,0.4578966485643665,1.0,4.997453873469475e-07
DoS Slowhttptest,0.4579675221701498,1.0,4.99518552854923e-07
DoS Slowhttptest,0.4579852405715956,1.0,4.995180373538229e-07
DoS Slowhttptest,0.45808269177954763,1.0,4.991772439986223e-07
DoS Slowhttptest,0.45810041018099346,1.0,4.991639552136751e-07
DoS Slowhttptest,0.4662951708496859,1.0,4.854324229354014e-07
DoS Slowhttptest,0.4663128892511318,1.0,4.854156255892238e-07
DoS Slowhttptest,0.4663394668533005,1.0,4.85415286365546e-07
DoS Slowhttptest,0.4746139603284992,1.0,4.738953466738549e-07
DoS Slowhttptest,0.4747114115364512,1.0,4.7389252620778414e-07
DoS Slowhttptest,0.4752341043791029,1.0,4.7343384277157326e-07
DoS Slowhttptest,0.47535813318922365,1.0,4.7342523383741986e-07
DoS Slowhttptest,0.47542900679500694,1.0,4.7342432954001447e-07
DoS Slowhttptest,0.47838797983645914,1.0,4.7174574382211693e-07
DoS Slowhttptest,0.4784145574386279,1.0,4.7174463821873557e-07
DoS Slowhttptest,0.4880445086244319,1.0,4.6597943597331106e-07
DoS Slowhttptest,0.4880710862266006,1.0,4.659735891605102e-07
DoS Slowhttptest,0.4968151173401136,1.0,4.605867945695424e-07
DoS Slowhttptest,0.4968328357415594,1.0,4.605784489241549e-07
DoS Slowhttptest,0.4974086837885486,1.0,4.6004191106512003e-07
DoS Slowhttptest,0.4974264021899944,1.0,4.6003878088611283e-07
DoS Slowhttptest,0.49835661826590005,1.0,4.5910892651104897e-07
DoS Slowhttptest,0.4983743366673459,1.0,4.5909773483596314e-07
DoS Slowhttptest,0.4989944807179496,1.0,4.5858649231629667e-07
DoS Slowhttptest,0.4990121991193954,1.0,4.5857651944327896e-07
DoS Slowhttptest,0.5215500057584804,1.0,4.463453212982586e-07
DoS Slowhttptest,0.5215677241599262,1.0,4.463449884396628e-07
DoS Slowhttptest,0.523091506684267,1.0,4.458189038577535e-07
DoS Slowhttptest,0.5231092250857128,1.0,4.4581183663722864e-07
DoS Slowhttptest,0.5279020526768075,1.0,4.442984373934317e-07
DoS Slowhttptest,0.5279286302789762,1.0,4.442963573717863e-07
DoS Slowhttptest,0.5392418296021333,1.0,4.381743446201034e-07
DoS Slowhttptest,0.539268407204302,1.0,4.3817159595998667e-07
DoS Slowhttptest,0.5393569992115311,1.0,4.381232807905351e-07
DoS Slowhttptest,0.5393924360144228,1.0,4.381205443116684e-07
DoS Slowhttptest,0.539569620028881,1.0,4.380569365649842e-07
DoS Slowhttptest,0.5395873384303268,1.0,4.38056210343489e-07
DoS Slowhttptest,0.5396139160324955,1.0,4.3805620926632956e-07
DoS Slowhttptest,0.5397911000469537,1.0,4.379934821144063e-07
DoS Slowhttptest,0.539861973652737,1.0,4.3798080014953964e-07
DoS Slowhttptest,0.5401100312729785,1.0,4.378884272232993e-07
DoS Slowhttptest,0.5401277496744243,1.0,4.3788824999065904e-07
DoS Slowhttptest,0.5425285930703332,1.0,4.3562436406361417e-07
DoS Slowhttptest,0.542546311471779,1.0,4.35623684483228e-07
DoS Slowhttptest,0.5511663137751712,1.0,4.2923332428329904e-07
DoS Slowhttptest,0.551184032176617,1.0,4.292217702055127e-07
DoS Slowhttptest,0.5514498081983044,1.0,4.289436355334453e-07
DoS Slowhttptest,0.5514675265997502,1.0,4.2894164953390586e-07
DoS Slowhttptest,0.5906340529957387,1.0,4.159096183312019e-07
DoS Slowhttptest,0.5906694897986303,1.0,4.1590932747367895e-07
DoS Slowhttptest,0.6193821593415842,1.0,4.0603510659044627e-07
DoS Slowhttptest,0.6194618921480904,1.0,4.060329314734831e-07
DoS Slowhttptest,0.6242812973413538,1.0,4.0563353219115873e-07
DoS Slowhttptest,0.6243433117464142,1.0,4.0563255060512214e-07
DoS Slowhttptest,0.6243964669507517,1.0,4.0563195122485564e-07
DoS Slowhttptest,0.6244407629543662,1.0,4.056317749960025e-07
DoS Slowhttptest,0.8481001444049718,1.0,4.045274393871233e-07
DoS Slowhttptest,0.8481178628064177,1.0,4.0452743003680695e-07
DoS Slowhttptest,0.879851519795884,1.0,4.0429482650112376e-07
DoS Slowhttptest,0.8798869565987757,1.0,4.0429482491049525e-07
DoS Slowhttptest,0.8799135342009444,1.0,4.042948239163527e-07
DoS Slowhttptest,0.8833774816836025,1.0,4.0426045979062793e-07
DoS Slowhttptest,0.8834129184864942,1.0,4.042604589953819e-07
DoS Slowhttptest,0.8881348724718056,1.0,4.0419261899510107e-07
DoS Slowhttptest,0.8881614500739743,1.0,4.04192600907501e-07
DoS Slowhttptest,0.9118332344055919,1.0,4.037503318513477e-07
DoS Slowhttptest,0.9118509528070378,1.0,4.037503304614216e-07
DoS Slowhttptest,0.9123559272482437,1.0,4.0374335712963176e-07
DoS Slowhttptest,0.9123736456496895,1.0,4.037433565339597e-07
DoS Slowhttptest,0.9123825048504124,1.0,4.0374335593828654e-07
DoS Slowhttptest,0.9124002232518582,1.0,4.0374335454838605e-07
DoS Slowhttptest,0.9124445192554728,1.0,4.03743350775796e-07
DoS Slowhttptest,0.9124622376569186,1.0,4.0374335037868214e-07
DoS Slowhttptest,0.912515392861256,1.0,4.037433485916656e-07
DoS Slowhttptest,0.9125508296641477,1.0,4.0374334839310795e-07
DoS Slowhttptest,0.9125685480655935,1.0,4.0374334759887877e-07
DoS Slowhttptest,0.9125862664670393,1.0,4.037433468046491e-07
DoS Slowhttptest,0.9126039848684852,1.0,4.037433464075352e-07
DoS Slowhttptest,0.9128786200908954,1.0,4.0374316810308215e-07
DoS Slowhttptest,0.9128963384923412,1.0,4.0374314566611376e-07
DoS Slowhttptest,0.9227211920940492,1.0,4.035112056222333e-07
DoS Slowhttptest,0.9227389104954951,1.0,4.035111992720513e-07
DoS Slowhttptest,0.9237754369800757,1.0,4.034839317431239e-07
DoS Slowhttptest,0.9237931553815215,1.0,4.034839315446945e-07
DoS Slowhttptest,0.924041213001763,1.0,4.034837487909138e-07
DoS Slowhttptest,0.9240589314032088,1.0,4.034837462113276e-07
DoS Slowhttptest,0.9244487362350169,1.0,4.0348321382483816e-07
DoS Slowhttptest,0.9244664546364627,1.0,4.0348321084839747e-07
DoS Slowhttptest,0.9249802882783915,1.0,4.034767767671457e-07
DoS Slowhttptest,0.9250157250812832,1.0,4.0347677458445655e-07
DoS Slowhttptest,0.9251220354899581,1.0,4.0347677021907887e-07
DoS Slowhttptest,0.9251397538914039,1.0,4.0347676962380016e-07
DoS Slowhttptest,0.9251486130921268,1.0,4.034767686316686e-07
DoS Slowhttptest,0.9251840498950185,1.0,4.034767664489796e-07
DoS Slowhttptest,0.9251929090957414,1.0,4.0347676625055375e-07
DoS Slowhttptest,0.925228345898633,1.0,4.034767656552748e-07
DoS Slowhttptest,0.9252549235008017,1.0,4.034767648615702e-07
DoS Slowhttptest,0.9252637827015247,1.0,4.034767646631436e-07
DoS Slowhttptest,0.9252992195044163,1.0,4.0347676386943884e-07
DoS Slowhttptest,0.9253169379058621,1.0,4.0347676287730756e-07
DoS Slowhttptest,0.9253346563073079,1.0,4.034767626788816e-07
DoS Slowhttptest,0.9254143891138141,1.0,4.034767591072088e-07
DoS Slowhttptest,0.92543210751526,1.0,4.0347675811507785e-07
DoS Slowhttptest,0.9254586851174287,1.0,4.0347675632924186e-07
DoS Slowhttptest,0.9254764035188745,1.0,4.034767545434051e-07
DoS Slowhttptest,0.9255649955261036,1.0,4.0347660115994673e-07
DoS Slowhttptest,0.9255827139275494,1.0,4.034766001678158e-07
DoS Slowhttptest,0.925627009931164,1.0,4.0347659758827603e-07
DoS Slowhttptest,0.9256624467340556,1.0,4.034765965961453e-07
DoS Slowhttptest,0.9256801651355014,1.0,4.034765942150313e-07
DoS Slowhttptest,0.9256978835369473,1.0,4.0347659302447394e-07
DoS Slowhttptest,0.9257510387412847,1.0,4.0347656306212413e-07
DoS Slowhttptest,0.9257864755441764,1.0,4.034765624668455e-07
DoS Slowhttptest,0.9258130531463451,1.0,4.034765592920269e-07
DoS Slowhttptest,0.9258307715477909,1.0,4.0347655889517467e-07
DoS Slowhttptest,0.9259459411571888,1.0,4.0347649857363026e-07
DoS Slowhttptest,0.9259636595586346,1.0,4.0347649837520464e-07
DoS Slowhttptest,0.9323157064769616,1.0,4.0317671609625374e-07
DoS Slowhttptest,0.9323422840791303,1.0,4.0317662895683784e-07
DoS Slowhttptest,0.9323511432798532,1.0,4.031762994178404e-07
DoS Slowhttptest,0.9323688616812991,1.0,4.0317596095658723e-07
DoS Slowhttptest,0.932882695323228,1.0,4.031536403671085e-07
DoS Slowhttptest,0.9329004137246738,1.0,4.0315353013047923e-07
DoS Slowhttptest,0.9329269913268425,1.0,4.031528064555109e-07
DoS Slowhttptest,0.9329535689290113,1.0,4.0315245237357277e-07
DoS Slowhttptest,0.9333522329615422,1.0,4.0314273897762613e-07
DoS Slowhttptest,0.9333699513629881,1.0,4.0314268188833754e-07
DoS Slowhttptest,0.9335382761767234,1.0,4.031375173712245e-07
DoS Slowhttptest,0.9335559945781692,1.0,4.0313708697432497e-07
DoS Slowhttptest,0.9339015034063627,1.0,4.0312399553516697e-07
DoS Slowhttptest,0.9339192218078085,1.0,4.0312399533691467e-07
DoS Slowhttptest,0.972890845787893,1.0,3.949207454474729e-07
DoS Slowhttptest,0.9729085641893388,1.0,3.949200119782376e-07
DoS Slowhttptest,0.9745297979216315,1.0,3.941638251446138e-07
DoS Slowhttptest,0.9745475163230773,1.0,3.941617944832996e-07
DoS Slowhttptest,0.9746449675310294,1.0,3.941211254273545e-07
DoS Slowhttptest,0.9746626859324752,1.0,3.941201439993683e-07
DoS Slowhttptest,0.9747955739433188,1.0,3.940688691696092e-07
DoS Slowhttptest,0.9748221515454876,1.0,3.9406750177597516e-07
DoS Slowhttptest,1.0,1.0,3.7545077231565706e-78
DoS slowloris,0.0,0.0,inf
DoS slowloris,0.0,0.004484304932735426,0.999919741614359
DoS slowloris,0.0,0.7488789237668162,0.9998815808996794
DoS slowloris,0.0,0.757847533632287,0.9998814658014886
DoS slowloris,0.0,0.9103139013452914,0.9989988397667592
DoS slowloris,8.85959316748175e-06,0.9103139013452914,0.9911950502638175
DoS slowloris,8.85959316748175e-06,0.968609865470852,0.8418064742646875
DoS slowloris,1.77191863349635e-05,0.968609865470852,0.8089410346418906
DoS slowloris,1.77191863349635e-05,0.9865470852017937,0.47922998815344336
DoS slowloris,0.0022503366645403645,0.9865470852017937,0.0003994622828425353
DoS slowloris,0.0022503366645403645,0.9910313901345291,0.0003924383525390327
DoS slowloris,0.00592706782904529,0.9910313901345291,0.0001020112864755929
DoS slowloris,0.0059447870153802535,0.9910313901345291,0.00010139534892499029
DoS slowloris,0.00643206463959175,0.9910313901345291,8.40244066135968e-05
DoS slowloris,0.00643206463959175,0.9955156950672646,8.397159496633531e-05
DoS slowloris,0.02634843008009072,0.9955156950672646,1.9571537967659467e-05
DoS slowloris,0.026366149266425686,0.9955156950672646,1.9571526808287067e-05
DoS slowloris,0.02670281380678999,0.9955156950672646,1.9569747669704836e-05
DoS slowloris,0.026720532993124956,0.9955156950672646,1.9569691352250918e-05
DoS slowloris,0.026880005670139626,0.9955156950672646,1.956926583637858e-05
DoS slowloris,0.02689772485647459,0.9955156950672646,1.9569257116761504e-05
DoS slowloris,0.02759763271670565,0.9955156950672646,1.9560659238371387e-05
DoS slowloris,0.02761535190304061,0.9955156950672646,1.9560648209214006e-05
DoS slowloris,0.029599900772556524,0.9955156950672646,1.9461358345625023e-05
DoS slowloris,0.02961761995889149,0.9955156950672646,1.9461273640515787e-05
DoS slowloris,0.030193493514777802,0.9955156950672646,1.945419832704825e-05
DoS slowloris,0.030211212701112766,0.9955156950672646,1.945409045323555e-05
DoS slowloris,0.030609894393649445,0.9955156950672646,1.944858693840278e-05
DoS slowloris,0.030627613579984406,0.9955156950672646,1.944848458024178e-05
DoS slowloris,0.03327663193706145,0.9955156950672646,1.9413984185089974e-05
DoS slowloris,0.03329435112339641,0.9955156950672646,1.9413962795030515e-05
DoS slowloris,0.033462683393578566,0.9955156950672646,1.9412443449709546e-05
DoS slowloris,0.03348040257991353,0.9955156950672646,1.9412434331373662e-05
DoS slowloris,0.03550038982209937,0.9955156950672646,1.9259708819959155e-05
DoS slowloris,0.035518109008434336,0.9955156950672646,1.9259696279684808e-05
DoS slowloris,0.038370898008363456,0.9955156950672646,1.8584369770605015e-05
DoS slowloris,0.03838861719469842,0.9955156950672646,1.858435146534299e-05
DoS slowloris,0.03969983698348572,0.9955156950672646,1.8414217353529167e-05
DoS slowloris,0.03971755616982068,0.9955156950672646,1.841405363927104e-05
DoS slowloris,0.25555496491601104,0.9955156950672646,1.1929689578914738e-06
DoS slowloris,0.255572684102346,0.9955156950672646,1.1928605890321965e-06
DoS slowloris,0.35079559146643985,0.9955156950672646,4.7596214307048916e-07
DoS slowloris,0.3508133106527748,0.9955156950672646,4.7594785903857837e-07
DoS slowloris,0.3573959883762138,0.9955156950672646,4.6017070743302965e-07
DoS slowloris,0.35741370756254875,0.9955156950672646,4.601460515331379e-07
DoS slowloris,0.39137252817350626,0.9955156950672646,4.0318486884209926e-07
DoS slowloris,0.39137252817350626,1.0,4.031812334610258e-07
DoS slowloris,0.4617797150754837,1.0,3.3389911621919716e-07
DoS slowloris,0.4617974342618187,1.0,3.338935475432504e-07
DoS slowloris,0.46193032815933094,1.0,3.337727157958374e-07
DoS slowloris,0.4619746261251683,1.0,3.337722102370688e-07
DoS slowloris,0.46204550287050816,1.0,3.3363070591373803e-07
DoS slowloris,0.4620986604295131,1.0,3.336193510440395e-07
DoS slowloris,0.46211637961584806,1.0,3.3361935002044824e-07
DoS slowloris,0.46225813310652775,1.0,3.334503409899843e-07
DoS slowloris,0.4623024310723652,1.0,3.33440233847589e-07
DoS slowloris,0.4623378694450351,1.0,3.3344023282454697e-07
DoS slowloris,0.4624176057835424,1.0,3.3325188774581035e-07
DoS slowloris,0.4624796229357148,1.0,3.332209147116219e-07
DoS slowloris,0.46249734212204974,1.0,3.332204955406403e-07
DoS slowloris,0.46278084910340916,1.0,3.3295348594740515e-07
DoS slowloris,0.46279856828974414,1.0,3.3295240061661627e-07
DoS slowloris,0.4707633425473102,1.0,3.2570309045497194e-07
DoS slowloris,0.4707810617336452,1.0,3.257017169149795e-07
DoS slowloris,0.4715075483733787,1.0,3.2526519203021295e-07
DoS slowloris,0.47152526755971363,1.0,3.2523973538878025e-07
DoS slowloris,0.49210610248777376,1.0,3.1600904080467044e-07
DoS slowloris,0.49212382167410873,1.0,3.1600854507289613e-07
DoS slowloris,0.4921504004536112,1.0,3.1600785620126814e-07
DoS slowloris,0.49739527960876034,1.0,3.14430019265664e-07
DoS slowloris,0.4974129987950953,1.0,3.144270191945692e-07
DoS slowloris,0.5225388050180736,1.0,3.0799250951530725e-07
DoS slowloris,0.5226362605429159,1.0,3.079856587115567e-07
DoS slowloris,0.5246208094124318,1.0,3.070395769321508e-07
DoS slowloris,0.5247448437167765,1.0,3.0703930961664105e-07
DoS slowloris,0.5248157204621163,1.0,3.070374801747995e-07
DoS slowloris,0.5293341129775321,1.0,3.046550578548715e-07
DoS slowloris,0.5293606917570345,1.0,3.046491367891101e-07
DoS slowloris,0.5295644623998866,1.0,3.045500490294442e-07
DoS slowloris,0.5295999007725565,1.0,3.0453842897887957e-07
DoS slowloris,0.529847969381246,1.0,3.043990761610385e-07
DoS slowloris,0.529865688567581,1.0,3.043989568130196e-07
DoS slowloris,0.5298922673470834,1.0,3.043989544781666e-07
DoS slowloris,0.5302112127011127,1.0,3.042400140851943e-07
DoS slowloris,0.5302820894464526,1.0,3.042355273509754e-07
DoS slowloris,0.5305212984619746,1.0,3.0403541745038114e-07
DoS slowloris,0.5305390176483096,1.0,3.04035033592686e-07
DoS slowloris,0.5310971720178609,1.0,3.036616183741443e-07
DoS slowloris,0.5311237507973634,1.0,3.036521487886149e-07
DoS slowloris,0.5355358281947693,1.0,3.0035884239126125e-07
DoS slowloris,0.5355535473811043,1.0,3.0035866613468957e-07
DoS slowloris,0.5381228293996739,1.0,2.9915283669545385e-07
DoS slowloris,0.5381405485860089,1.0,2.99150037304327e-07
DoS slowloris,0.5398415904741655,1.0,2.983169068638015e-07
DoS slowloris,0.5398593096605004,1.0,2.983110760461014e-07
DoS slowloris,0.5408161457225884,1.0,2.9770825215031256e-07
DoS slowloris,0.5408338649089234,1.0,2.977042024525781e-07
DoS slowloris,0.566021688284074,1.0,2.9275326691076e-07
DoS slowloris,0.5660394074704089,1.0,2.9275276218257174e-07
DoS slowloris,0.5699110496845985,1.0,2.922179346547041e-07
DoS slowloris,0.5699376284641009,1.0,2.9221430117973926e-07
DoS slowloris,0.5746775108087037,1.0,2.9129134178867487e-07
DoS slowloris,0.5747040895882061,1.0,2.9129095500794213e-07
DoS slowloris,0.58376745339854,1.0,2.883340726036247e-07
DoS slowloris,0.5838028917712099,1.0,2.8833344361607357e-07
DoS slowloris,0.8870579063009426,1.0,2.82527621478741e-07
DoS slowloris,0.8870756254872776,1.0,2.825276011080737e-07
DoS slowloris,0.8912662130554965,1.0,2.8236106784681346e-07
DoS slowloris,0.8913016514281664,1.0,2.823610643815094e-07
DoS slowloris,0.8913282302076688,1.0,2.823610622156947e-07
DoS slowloris,0.8922939258629243,1.0,2.8233709625970223e-07
DoS slowloris,0.8923293642355943,1.0,2.82337094527198e-07
DoS slowloris,0.9072666383159685,1.0,2.8158634149863235e-07
DoS slowloris,0.9072843575023035,1.0,2.815863384748105e-07
DoS slowloris,0.9076387412290028,1.0,2.815822724756077e-07
DoS slowloris,0.9076564604153378,1.0,2.815822711797034e-07
DoS slowloris,0.9076653200085052,1.0,2.815822698837977e-07
DoS slowloris,0.9076830391948402,1.0,2.8158226686002016e-07
DoS slowloris,0.9077273371606775,1.0,2.8158225865262295e-07
DoS slowloris,0.9077450563470125,1.0,2.815822577886872e-07
DoS slowloris,0.9077982139060174,1.0,2.8158225390097294e-07
DoS slowloris,0.9078336522786874,1.0,2.815822534690043e-07
DoS slowloris,0.9078513714650224,1.0,2.815822517411317e-07
DoS slowloris,0.9078690906513572,1.0,2.8158225001325836e-07
DoS slowloris,0.9078868098376922,1.0,2.8158224914932197e-07
DoS slowloris,0.9081525976327167,1.0,2.8158186124211557e-07
DoS slowloris,0.9081703168190517,1.0,2.8158181242977675e-07
DoS slowloris,0.9108370543624636,1.0,2.8141629901642917e-07
DoS slowloris,0.9108547735487986,1.0,2.8141628520159226e-07
DoS slowloris,0.9111648593096605,1.0,2.813967866194759e-07
DoS slowloris,0.9111825784959955,1.0,2.8139678618779224e-07
DoS slowloris,0.9114306471046849,1.0,2.8139638860736015e-07
DoS slowloris,0.9114483662910199,1.0,2.813963829954795e-07
DoS slowloris,0.9117850308313842,1.0,2.813952247920809e-07
DoS slowloris,0.9118027500177192,1.0,2.8139521831686103e-07
DoS slowloris,0.9120685378127437,1.0,2.813923184281821e-07
DoS slowloris,0.9121039761854136,1.0,2.813923136797362e-07
DoS slowloris,0.9122102913034233,1.0,2.8139230418284503e-07
DoS slowloris,0.9122280104897583,1.0,2.81392302887815e-07
DoS slowloris,0.9122368700829258,1.0,2.8139230072943014e-07
DoS slowloris,0.9122723084555957,1.0,2.813922959809851e-07
DoS slowloris,0.9122811680487632,1.0,2.8139229554930835e-07
DoS slowloris,0.9123166064214331,1.0,2.813922942542776e-07
DoS slowloris,0.9123431852009356,1.0,2.8139229252757083e-07
DoS slowloris,0.912352044794103,1.0,2.8139229209589356e-07
DoS slowloris,0.912387483166773,1.0,2.8139229036918667e-07
DoS slowloris,0.912405202353108,1.0,2.81392288210802e-07
DoS slowloris,0.9124229215394429,1.0,2.813922877791257e-07
DoS slowloris,0.9125026578779503,1.0,2.8139228000894236e-07
DoS slowloris,0.9125203770642852,1.0,2.81392277850559e-07
DoS slowloris,0.9125469558437876,1.0,2.813922739654677e-07
DoS slowloris,0.9125646750301226,1.0,2.813922700803759e-07
DoS slowloris,0.9126532709617974,1.0,2.8139193639440743e-07
DoS slowloris,0.9126709901481324,1.0,2.81391934236026e-07
DoS slowloris,0.9127152881139698,1.0,2.8139192862423465e-07
DoS slowloris,0.9127507264866397,1.0,2.81391926465853e-07
DoS slowloris,0.9127684456729747,1.0,2.81391921285738e-07
DoS slowloris,0.9127861648593096,1.0,2.813919186956806e-07
DoS slowloris,0.9128393224183146,1.0,2.813918535125724e-07
DoS slowloris,0.9128747607909845,1.0,2.8139185221754416e-07
DoS slowloris,0.9129013395704869,1.0,2.8139184531072554e-07
DoS slowloris,0.9129190587568219,1.0,2.8139184444737297e-07
DoS slowloris,0.9130342334679992,1.0,2.813917132178554e-07
DoS slowloris,0.9130519526543341,1.0,2.8139171278617964e-07
DoS slowloris,0.9156478134524063,1.0,2.8117754184656984e-07
DoS slowloris,0.9156743922319087,1.0,2.8117714152149154e-07
DoS slowloris,0.9157009710114111,1.0,2.8117608097743595e-07
DoS slowloris,0.9157186901977461,1.0,2.811756883179249e-07
DoS slowloris,0.915754128570416,1.0,2.8117362117517105e-07
DoS slowloris,0.915771847756751,1.0,2.8117338134946595e-07
DoS slowloris,0.9161882486356226,1.0,2.8114982234119974e-07
DoS slowloris,0.9162059678219576,1.0,2.811497807972402e-07
DoS slowloris,0.9163920192784747,1.0,2.811378106564375e-07
DoS slowloris,0.9164097384648097,1.0,2.8113760963875104e-07
DoS slowloris,0.9166135091076618,1.0,2.811250210176777e-07
DoS slowloris,0.9166400878871642,1.0,2.811245497377598e-07
DoS slowloris,0.9168261393436813,1.0,2.8110913196263826e-07
DoS slowloris,0.9168438585300163,1.0,2.8110913153139594e-07
DoS slowloris,0.9177652562194344,1.0,2.810124152159612e-07
DoS slowloris,0.9178449925579417,1.0,2.8101133399509697e-07
DoS slowloris,0.9230632929335885,1.0,2.801484693644321e-07
DoS slowloris,0.9231253100857608,1.0,2.8014786698934334e-07
DoS slowloris,0.9231518888652633,1.0,2.801465381389336e-07
DoS slowloris,0.9231961868311007,1.0,2.801461960526206e-07
DoS slowloris,0.9318165709830605,1.0,2.770587550170483e-07
DoS slowloris,0.9318431497625629,1.0,2.770573596761648e-07
DoS slowloris,0.9739616556807711,1.0,2.6357178313433676e-07
DoS slowloris,0.9739793748671061,1.0,2.635607961905657e-07
DoS slowloris,0.9750868240130414,1.0,2.626052907655113e-07
DoS slowloris,0.9751045431993763,1.0,2.6259870773839753e-07
DoS slowloris,0.9769296193918775,1.0,2.60928156441735e-07
DoS slowloris,0.9769473385782125,1.0,2.609267795393022e-07
DoS slowloris,0.9778332978949607,1.0,2.6001507778323184e-07
DoS slowloris,0.9778510170812956,1.0,2.600038717694089e-07
DoS slowloris,0.9780193493514778,1.0,2.5983748598206843e-07
DoS slowloris,0.9780370685378127,1.0,2.59817500759018e-07
DoS slowloris,0.9857360550003544,1.0,2.4154841198373723e-07
DoS slowloris,0.9857537741866893,1.0,2.4140456921793886e-07
DoS slowloris,0.9862144730313984,1.0,2.396056723800206e-07
DoS slowloris,0.9862321922177334,1.0,2.3959879861326915e-07
DoS slowloris,0.9862499114040684,1.0,2.3955825182602867e-07
DoS slowloris,0.9862676305904033,1.0,2.395198342700101e-07
DoS slowloris,0.9862764901835708,1.0,2.394935115354749e-07
DoS slowloris,0.9863030689630732,1.0,2.394200562022944e-07
DoS slowloris,0.9981926429938337,1.0,7.751121083861853e-08
DoS slowloris,0.9982103621801687,1.0,7.723701207500791e-08
DoS slowloris,1.0,1.0,4.53388362341499e-229
FTP-Patator,0.0,0.0,inf
FTP-Patator,0.0,0.0031746031746031746,0.9999181205420108
FTP-Patator,0.0,0.9968253968253968,0.9694641214867276
FTP-Patator,6.206774250753679e-05,0.9968253968253968,0.00729855298786573
FTP-Patator,7.980138322397589e-05,0.9968253968253968,0.007211466464437041
FTP-Patator,0.0015339599219719809,0.9968253968253968,0.0007298997706872592
FTP-Patator,0.0015339599219719809,1.0,0.0007294507717050858
FTP-Patator,0.02074835963823373,1.0,3.4843530719128656e-05
FTP-Patator,0.020766093278950168,1.0,3.483785283562077e-05
FTP-Patator,0.02089909558432346,1.0,3.479713435465355e-05
FTP-Patator,0.0209168292250399,1.0,3.479666906483063e-05
FTP-Patator,0.02112076609327895,1.0,3.47504773634329e-05
FTP-Patator,0.02113849973399539,1.0,3.474727876605042e-05
FTP-Patator,0.022610391913459833,1.0,3.4169040946673174e-05
FTP-Patator,0.022628125554176273,1.0,3.4144173625304676e-05
FTP-Patator,0.02535910622450789,1.0,3.301042418408272e-05
FTP-Patator,0.02537683986522433,1.0,3.3009193951290706e-05
FTP-Patator,0.02632558964355382,1.0,3.282908627712426e-05
FTP-Patator,0.026343323284270262,1.0,3.282661000605004e-05
FTP-Patator,0.02693740024827097,1.0,3.266356619703262e-05
FTP-Patator,0.02695513388898741,1.0,3.266007820905774e-05
FTP-Patator,0.02904770349352722,1.0,3.162202629742e-05
FTP-Patator,0.02906543713424366,1.0,3.162193304961344e-05
FTP-Patator,0.02929597446355737,1.0,3.1547777731633124e-05
FTP-Patator,0.029313708104273806,1.0,3.1546384084405135e-05
FTP-Patator,0.030280191523319736,1.0,3.125192911604461e-05
FTP-Patator,0.030297925164036177,1.0,3.125124289465496e-05
FTP-Patator,0.047960631317609505,1.0,1.0742636005382406e-05
FTP-Patator,0.04797836495832594,1.0,1.074238404034195e-05
FTP-Patator,0.0493172548324171,1.0,1.0414774034586416e-05
FTP-Patator,0.049334988473133536,1.0,1.0414272259128706e-05
FTP-Patator,0.10365312998758645,1.0,8.332008890171782e-06
FTP-Patator,0.10367086362830288,1.0,8.330928243304681e-06
FTP-Patator,0.30293491753857066,1.0,6.398289216548874e-07
FTP-Patator,0.3029526511792871,1.0,6.398263813584159e-07
FTP-Patator,0.3137435715552403,1.0,6.178536093635722e-07
FTP-Patator,0.31376130519595674,1.0,6.178520241988522e-07
FTP-Patator,0.7428444759709169,1.0,4.508192773149414e-07
FTP-Patator,0.7428622096116333,1.0,4.508069646793203e-07
FTP-Patator,0.746932080156056,1.0,4.485955050337025e-07
FTP-Patator,0.7469764142578471,1.0,4.4859375039728695e-07
FTP-Patator,0.7520216350416741,1.0,4.4582276231112125e-07
FTP-Patator,0.7520748359638234,1.0,4.458198957095109e-07
FTP-Patator,0.7520925696045399,1.0,4.458198771882522e-07
FTP-Patator,0.7577407341727257,1.0,4.425913485243596e-07
FTP-Patator,0.7577850682745167,1.0,4.425897672054494e-07
FTP-Patator,0.7578205355559496,1.0,4.425897488183845e-07
FTP-Patator,0.7635041674055684,1.0,4.3867138622221327e-07
FTP-Patator,0.7635662351480759,1.0,4.3866417380450314e-07
FTP-Patator,0.7635839687887923,1.0,4.386567020363491e-07
FTP-Patator,0.7676627061535733,1.0,4.357476255334974e-07
FTP-Patator,0.7676804397942898,1.0,4.357278752193835e-07
FTP-Patator,0.770313885440681,1.0,4.3390666410952075e-07
FTP-Patator,0.7703316190813974,1.0,4.339019525650155e-07
FTP-Patator,0.7743039546018797,1.0,4.308666006549553e-07
FTP-Patator,0.7743216882425962,1.0,4.308661800042453e-07
FTP-Patator,0.7751374357155524,1.0,4.306095252698255e-07
FTP-Patator,0.7751729029969853,1.0,4.3060945371239525e-07
FTP-Patator,0.77519950345806,1.0,4.3060940898900746e-07
FTP-Patator,0.7757049122184785,1.0,4.3057271909963885e-07
FTP-Patator,0.7757403794999114,1.0,4.305726845609449e-07
FTP-Patator,0.7765827274339422,1.0,4.3011364516411075e-07
FTP-Patator,0.7766004610746586,1.0,4.301136183609748e-07
FTP-Patator,0.7766093278950168,1.0,4.3011359155783936e-07
FTP-Patator,0.7766270615357332,1.0,4.301135290171987e-07
FTP-Patator,0.7766713956375244,1.0,4.3011335926407574e-07
FTP-Patator,0.7766891292782409,1.0,4.3011334139533106e-07
FTP-Patator,0.7767423302003902,1.0,4.301132609859838e-07
FTP-Patator,0.7767777974818231,1.0,4.3011325205161265e-07
FTP-Patator,0.7767955311225394,1.0,4.301132163141305e-07
FTP-Patator,0.7768132647632559,1.0,4.3011318057665164e-07
FTP-Patator,0.7768309984039723,1.0,4.301131627079135e-07
FTP-Patator,0.7771768043979429,1.0,4.3010483400218305e-07
FTP-Patator,0.7771945380386593,1.0,4.3010413015568266e-07
FTP-Patator,0.7774339421883313,1.0,4.300979725943776e-07
FTP-Patator,0.7774516758290477,1.0,4.300979100560071e-07
FTP-Patator,0.7782230892002128,1.0,4.29991601663403e-07
FTP-Patator,0.7782408228409292,1.0,4.2999043386066926e-07
FTP-Patator,0.7782496896612875,1.0,4.2998324779262544e-07
FTP-Patator,0.7782762901223621,1.0,4.2997774193367076e-07
FTP-Patator,0.7785068274516759,1.0,4.298574922625271e-07
FTP-Patator,0.7785245610923923,1.0,4.2985720653275936e-07
FTP-Patator,0.7788703670863628,1.0,4.2982080650046384e-07
FTP-Patator,0.7789058343677957,1.0,4.2982070828921744e-07
FTP-Patator,0.7790122362120944,1.0,4.2982051186679096e-07
FTP-Patator,0.7790299698528108,1.0,4.2982048508192204e-07
FTP-Patator,0.779038836673169,1.0,4.298204404404765e-07
FTP-Patator,0.7790743039546019,1.0,4.298203422293137e-07
FTP-Patator,0.7790831707749601,1.0,4.298203333010279e-07
FTP-Patator,0.779118638056393,1.0,4.2982030651616903e-07
FTP-Patator,0.7791452385174676,1.0,4.298202708030283e-07
FTP-Patator,0.7791541053378258,1.0,4.2982026187474317e-07
FTP-Patator,0.7791895726192587,1.0,4.2982022616160514e-07
FTP-Patator,0.7792073062599751,1.0,4.298201815201867e-07
FTP-Patator,0.7792250399006916,1.0,4.2982017259190335e-07
FTP-Patator,0.7793048412839156,1.0,4.298200118828389e-07
FTP-Patator,0.779322574924632,1.0,4.298199672414437e-07
FTP-Patator,0.7793491753857067,1.0,4.2981988688694316e-07
FTP-Patator,0.7793669090264231,1.0,4.2981980653245603e-07
FTP-Patator,0.7795442454335875,1.0,4.298134567513902e-07
FTP-Patator,0.7795619790743039,1.0,4.298134478232474e-07
FTP-Patator,0.7796595140982444,1.0,4.298129050309841e-07
FTP-Patator,0.7796772477389609,1.0,4.29812860390326e-07
FTP-Patator,0.7797215818407519,1.0,4.298127443246377e-07
FTP-Patator,0.7797570491221848,1.0,4.298126996839965e-07
FTP-Patator,0.7797747827629012,1.0,4.298125925464765e-07
FTP-Patator,0.7797925164036177,1.0,4.298125389777269e-07
FTP-Patator,0.7799343855293491,1.0,4.2981119083305144e-07
FTP-Patator,0.779969852810782,1.0,4.298111640487639e-07
FTP-Patator,0.7799964532718567,1.0,4.2981102119925307e-07
FTP-Patator,0.7800141869125732,1.0,4.298110033430672e-07
FTP-Patator,0.7800939882957971,1.0,4.298102890962583e-07
FTP-Patator,0.7801117219365136,1.0,4.298100109620132e-07
FTP-Patator,0.7801737896790211,1.0,4.298082892115066e-07
FTP-Patator,0.7801915233197375,1.0,4.298082802834712e-07
FTP-Patator,0.7803511260861855,1.0,4.298052250819137e-07
FTP-Patator,0.780368859726902,1.0,4.298051090182873e-07
FTP-Patator,0.7807501330023053,1.0,4.297811559419973e-07
FTP-Patator,0.7807678666430218,1.0,4.297810220299302e-07
FTP-Patator,0.7814860790920376,1.0,4.294737754280668e-07
FTP-Patator,0.7815126795531122,1.0,4.294682330548169e-07
FTP-Patator,0.7815392800141869,1.0,4.2945066933436606e-07
FTP-Patator,0.7815570136549034,1.0,4.294381793501521e-07
FTP-Patator,0.7817609505231424,1.0,4.293239886825131e-07
FTP-Patator,0.7817786841638589,1.0,4.2932177136631316e-07
FTP-Patator,0.7820890228763965,1.0,4.2907337115125114e-07
FTP-Patator,0.7821067565171129,1.0,4.2907018112413e-07
FTP-Patator,0.7829402376307856,1.0,4.2848205197870667e-07
FTP-Patator,0.782957971271502,1.0,4.284820430782192e-07
FTP-Patator,0.7830998403972336,1.0,4.2838585147345105e-07
FTP-Patator,0.7831264408583082,1.0,4.2838182180385207e-07
FTP-Patator,0.7842525270438021,1.0,4.274412035663843e-07
FTP-Patator,0.7842702606845185,1.0,4.2743325184206663e-07
FTP-Patator,0.8010551516226281,1.0,4.123084009301294e-07
FTP-Patator,0.8010817520837028,1.0,4.1230040454727544e-07
FTP-Patator,0.8033250576343324,1.0,4.1039776820352563e-07
FTP-Patator,0.8033427912750488,1.0,4.1038303081262523e-07
FTP-Patator,0.8034757935804221,1.0,4.102785743074157e-07
FTP-Patator,0.803511260861855,1.0,4.102762785161052e-07
FTP-Patator,0.8062422415321866,1.0,4.077478198254602e-07
FTP-Patator,0.806259975172903,1.0,4.077393403678978e-07
FTP-Patator,0.8062865756339777,1.0,4.0773929801981604e-07
FTP-Patator,0.807793935094875,1.0,4.0596969979642315e-07
FTP-Patator,0.8078914701188153,1.0,4.059511321085473e-07
FTP-Patator,0.8088934208192942,1.0,4.0479209399369886e-07
FTP-Patator,0.8089643553821599,1.0,4.0478511886938317e-07
FTP-Patator,0.8114736655435361,1.0,4.011948451519144e-07
FTP-Patator,0.8114913991842525,1.0,4.0118798659703277e-07
FTP-Patator,0.8128214222379855,1.0,3.992313585189122e-07
FTP-Patator,0.8128391558787019,1.0,3.9922157095839796e-07
FTP-Patator,0.8164124844830644,1.0,3.932619833523559e-07
FTP-Patator,0.8164479517644972,1.0,3.9325492578741874e-07
FTP-Patator,0.8185227877283207,1.0,3.8940827651567396e-07
FTP-Patator,0.8186469232133357,1.0,3.8938274595064156e-07
FTP-Patator,0.8186557900336939,1.0,3.893710651057822e-07
FTP-Patator,0.8187267245965597,1.0,3.8935133221603437e-07
FTP-Patator,0.8289324348288704,1.0,3.712959716435288e-07
FTP-Patator,0.8290122362120943,1.0,3.7127711694535764e-07
FTP-Patator,0.8368859726901933,1.0,3.5612395340860756e-07
FTP-Patator,0.8369480404327009,1.0,3.5612390460243097e-07
FTP-Patator,0.8369923745344919,1.0,3.5609514445646757e-07
FTP-Patator,0.8464266713956375,1.0,3.3508589641475525e-07
FTP-Patator,0.8464532718567122,1.0,3.350763630975277e-07
FTP-Patator,0.864497251285689,1.0,3.0646735334279974e-07
FTP-Patator,0.8645238517467636,1.0,3.0645609207513173e-07
FTP-Patator,0.9038925341372583,1.0,2.47661613022315e-07
FTP-Patator,0.9039102677779748,1.0,2.4762015611116855e-07
FTP-Patator,0.9136815038127327,1.0,2.2758799856880468e-07
FTP-Patator,0.9136992374534492,1.0,2.2758480476184545e-07
FTP-Patator,0.9191168646923213,1.0,2.1513165155958927e-07
FTP-Patator,0.9191345983330378,1.0,2.151031166324624e-07
FTP-Patator,0.9254211739670154,1.0,1.9926418102118384e-07
FTP-Patator,0.9254477744280901,1.0,1.9923178708632117e-07
FTP-Patator,0.9407519063663771,1.0,1.3257392355194686e-07
FTP-Patator,0.9407785068274517,1.0,1.3254947967284295e-07
FTP-Patator,0.9549210852988118,1.0,7.14046861544191e-08
FTP-Patator,0.9549388189395283,1.0,7.139613321112853e-08
FTP-Patator,0.9631140273098067,1.0,4.490341919784491e-08
FTP-Patator,0.9631317609505231,1.0,4.488412827107511e-08
FTP-Patator,0.9687533250576343,1.0,3.283385149622035e-08
FTP-Patator,0.9687710586983508,1.0,3.282881602913386e-08
FTP-Patator,0.9690725305905302,1.0,3.1958555663536443e-08
FTP-Patator,0.9690902642312467,1.0,3.193794201657716e-08
FTP-Patator,0.9692498669976947,1.0,3.127198436988806e-08
FTP-Patator,0.9692676006384111,1.0,3.124281686957568e-08
FTP-Patator,0.9701454158538748,1.0,2.8654851268650098e-08
FTP-Patator,0.9701631494945913,1.0,2.865433792055723e-08
FTP-Patator,0.9701897499556659,1.0,2.8589180247548942e-08
FTP-Patator,0.9702074835963823,1.0,2.8574164017266592e-08
FTP-Patator,0.9702252172370988,1.0,2.85087588596104e-08
FTP-Patator,0.9702429508778152,1.0,2.844691626850485e-08
FTP-Patator,0.9702695513388899,1.0,2.8360654522441975e-08
FTP-Patator,0.9702961517999645,1.0,2.8286878613406478e-08
FTP-Patator,0.9705621564107111,1.0,2.7314558325877555e-08
FTP-Patator,0.9705798900514275,1.0,2.731203541074804e-08
FTP-Patator,0.9889076077318674,1.0,8.44246354078397e-10
FTP-Patator,0.9889253413725838,1.0,8.442274239165025e-10
FTP-Patator,0.996080865401667,1.0,4.433181389053469e-15
FTP-Patator,0.9960985990423834,1.0,4.395916237328514e-15
FTP-Patator,0.9990246497605958,1.0,4.691073766571593e-19
FTP-Patator,0.9990423834013122,1.0,4.6515403970249485e-19
FTP-Patator,0.9999467990778507,1.0,1.3537307382e-313
FTP-Patator,1.0,1.0,0.0
PortScan,0.0,0.0,inf
PortScan,0.0,0.00015755475027572083,0.9995543168906472
PortScan,0.0,0.6050102410587679,0.9995345272205302
PortScan,9.367857009030614e-06,0.6050102410587679,0.9995345228113077
PortScan,9.367857009030614e-06,0.6310067748542618,0.9995329595635554
PortScan,1.873571401806123e-05,0.6310067748542618,0.999532956017363
PortScan,1.873571401806123e-05,0.646762249881834,0.9995319350370967
PortScan,2.810357102709184e-05,0.646762249881834,0.9995319237125899
PortScan,2.810357102709184e-05,0.6692925791712621,0.9995302749043411
PortScan,3.747142803612246e-05,0.6692925791712621,0.9995302657372784
PortScan,3.747142803612246e-05,0.7579959035764928,0.9995202247839214
PortScan,4.683928504515307e-05,0.7579959035764928,0.999520222284892
PortScan,4.683928504515307e-05,0.7581534583267685,0.999520211101412
PortScan,6.55749990632143e-05,0.7581534583267685,0.9995202000940571
PortScan,6.55749990632143e-05,0.761304553332283,0.9995199161373394
PortScan,7.494285607224491e-05,0.761304553332283,0.9995198893450034
PortScan,7.494285607224491e-05,0.7616196628328344,0.999519854938875
PortScan,8.431071308127553e-05,0.7616196628328344,0.9995198467594099
PortScan,8.431071308127553e-05,0.7627225460847644,0.9995197392211781
PortScan,9.367857009030615e-05,0.7627225460847644,0.9995197374288634
PortScan,9.367857009030615e-05,0.7628801008350402,0.9995197276919072
PortScan,0.00010304642709933676,0.7628801008350402,0.9995197106609831
PortScan,0.00010304642709933676,0.766346305341106,0.9995189176274625
PortScan,0.00011241428410836736,0.766346305341106,0.9995188504271885
PortScan,0.00011241428410836736,0.7671340790924847,0.9995187367312584
PortScan,0.00012178214111739798,0.7671340790924847,0.999518729795857
PortScan,0.00012178214111739798,0.7687096265952419,0.9995182660830189
PortScan,0.0001311499981264286,0.7687096265952419,0.9995182477593773
PortScan,0.0001311499981264286,0.7693398455963447,0.9995181174040972
PortScan,0.0001405178551354592,0.7693398455963447,0.9995181029848749
PortScan,0.0001405178551354592,0.7694974003466204,0.9995180949821882
PortScan,0.00014988571214448983,0.7694974003466204,0.9995180797711098
PortScan,0.00014988571214448983,0.770915393099102,0.9995177375450249
PortScan,0.00015925356915352044,0.770915393099102,0.9995177290820374
PortScan,0.00015925356915352044,0.7710729478493776,0.9995177219387853
PortScan,0.0001873571401806123,0.7710729478493776,0.9995176872960359
PortScan,0.0001873571401806123,0.7718607216007562,0.9995175219714526
PortScan,0.0001967249971896429,0.7718607216007562,0.9995174984895565
PortScan,0.0001967249971896429,0.7720182763510319,0.999517493094203
PortScan,0.00020609285419867352,0.7720182763510319,0.9995174404797676
PortScan,0.00020609285419867352,0.7724909406018592,0.9995174005555792
PortScan,0.0002154607112077041,0.7724909406018592,0.9995173568451308
PortScan,0.0002154607112077041,0.7729636048526863,0.9995172866573186
PortScan,0.00023419642522576534,0.7729636048526863,0.9995172728598357
PortScan,0.00023419642522576534,0.7732787143532377,0.9995172593690633
PortScan,0.0002529321392438266,0.7732787143532377,0.9995172064044339
PortScan,0.0002529321392438266,0.7734362691035135,0.9995171689040265
PortScan,0.0002622999962528572,0.7734362691035135,0.9995171625133095
PortScan,0.0002622999962528572,0.7739089333543406,0.9995170369591889
PortScan,0.0002716678532618878,0.7739089333543406,0.9995169903492498
PortScan,0.0002716678532618878,0.775957145107925,0.9995167865921225
PortScan,0.0002810357102709184,0.775957145107925,0.9995167547661776
PortScan,0.0002810357102709184,0.7775326926106823,0.9995164401741471
PortScan,0.00029040356727994904,0.7775326926106823,0.999516427561983
PortScan,0.00029040356727994904,0.7776902473609579,0.9995164070865479
PortScan,0.00029977142428897966,0.7776902473609579,0.9995163930788928
PortScan,0.00029977142428897966,0.7780053568615094,0.999516334178169
PortScan,0.00030913928129801027,0.7780053568615094,0.9995162710908447
PortScan,0.00030913928129801027,0.7803686781156451,0.9995159356808603
PortScan,0.0003185071383070409,0.7803686781156451,0.9995159048386993
PortScan,0.0003185071383070409,0.7975421458956987,0.9995142603463533
PortScan,0.0003278749953160715,0.7975421458956987,0.9995142502645059
PortScan,0.0003278749953160715,0.8000630219001102,0.9995139916308577
PortScan,0.0003372428523251021,0.8000630219001102,0.9995139422240126
PortScan,0.0003372428523251021,0.8136127304238223,0.9995131701328959
PortScan,0.00034661070933413274,0.8136127304238223,0.9995131534129876
PortScan,0.00034661070933413274,0.8471718922325508,0.9995108037587933
PortScan,0.00035597856634316335,0.8471718922325508,0.9995107916613508
PortScan,0.00035597856634316335,0.8586733890026784,0.9995100553458216
PortScan,0.00036534642335219397,0.8586733890026784,0.9995100450204212
PortScan,0.00036534642335219397,0.9502126989128722,0.9994982005262578
PortScan,0.0003747142803612246,0.9502126989128722,0.9994980060565692
PortScan,0.0003747142803612246,0.9647077359382386,0.9994873431616075
PortScan,0.0003840821373702552,0.9647077359382386,0.9994872593639564
PortScan,0.0003840821373702552,0.9773121159602962,0.9994706484794567
PortScan,0.0003934499943792858,0.9773121159602962,0.9994702254454458
PortScan,0.0003934499943792858,0.9837718607216007,0.9994309799846163
PortScan,0.00040281785138831643,0.9837718607216007,0.9994307877609082
PortScan,0.00040281785138831643,0.9992122262486214,0.9794368011198582
PortScan,0.00042155356540637766,0.9992122262486214,0.9340188020743692
PortScan,0.00042155356540637766,0.9993697809988971,0.9091790495348987
PortScan,0.0012271892681830104,0.9993697809988971,0.016600360368752575
PortScan,0.0012271892681830104,0.9995273357491729,0.01638632901697543
PortScan,0.011325739123918013,0.9995273357491729,0.0012403721168980089
PortScan,0.011325739123918013,0.9996848904994485,0.0012399969144945033
PortScan,0.0181455390264923,0.9996848904994485,0.0008176070057580491
PortScan,0.018164274740510362,0.9996848904994485,0.0008175685949605081
PortScan,0.0207779068460299,0.9996848904994485,0.0007289283326687629
PortScan,0.0207779068460299,0.9998424452497243,0.0007284063151360088
PortScan,0.021386817551616893,0.9998424452497243,0.0007212888451017841
PortScan,0.021405553265634952,0.9998424452497243,0.0007212804065615981
PortScan,0.022379810394574137,0.9998424452497243,0.0007211725418733872
PortScan,0.0223985461085922,0.9998424452497243,0.0007211715686412284
PortScan,0.022529696106718625,0.9998424452497243,0.0007211621657292908
PortScan,0.022548431820736688,0.9998424452497243,0.0007211618852587643
PortScan,0.02334469966650429,0.9998424452497243,0.0007204932605963725
PortScan,0.02336343538052235,0.9998424452497243,0.0007204918124071877
PortScan,0.026164424626222507,0.9998424452497243,0.000716067673742685
PortScan,0.026183160340240565,0.9998424452497243,0.0007160625213853146
PortScan,0.026810806759845617,0.9998424452497243,0.0007156914761437293
PortScan,0.02682954247386368,0.9998424452497243,0.0007156859535655259
PortScan,0.027241728182261025,0.9998424452497243,0.0007153840587450173
PortScan,0.027260463896279088,0.9998424452497243,0.0007153782175110777
PortScan,0.029780417431708322,0.9998424452497243,0.0007128272279002793
PortScan,0.029799153145726384,0.9998424452497243,0.0007128252379989167
PortScan,0.03067036384756623,0.9998424452497243,0.0007126540162947658
PortScan,0.03068909956158429,0.9998424452497243,0.0007126538750460467
PortScan,0.03138232098025256,0.9998424452497243,0.0007082157272826391
PortScan,0.03140105669427062,0.9998424452497243,0.0007082144937005538
PortScan,0.03602877805673174,0.9998424452497243,0.0006629668210894912
PortScan,0.0360475137707498,0.9998424452497243,0.0006629657447405485
PortScan,0.03764004946228501,0.9998424452497243,0.0006564582163967135
PortScan,0.03765878517630307,0.9998424452497243,0.0006564486013257717
PortScan,0.15455090493498708,0.9998424452497243,3.038946317660605e-05
PortScan,0.15456964064900514,0.9998424452497243,3.038689676147422e-05
PortScan,0.2917338029752314,0.9998424452497243,1.3459574430562503e-05
PortScan,0.29175253868924944,0.9998424452497243,1.3459493419072383e-05
PortScan,0.3184509311649867,0.9998424452497243,1.2057099181789033e-05
PortScan,0.31846966687900474,0.9998424452497243,1.2056922046797827e-05
PortScan,0.3284558024506314,0.9998424452497243,1.170613655906342e-05
PortScan,0.32847453816464944,0.9998424452497243,1.1706056155143125e-05
PortScan,0.42519766178289053,0.9998424452497243,9.092182056545461e-06
PortScan,0.4252163974969086,0.9998424452497243,9.091540744743999e-06
PortScan,0.42540375463708924,0.9998424452497243,9.087409219577577e-06
PortScan,0.42545059392213436,0.9998424452497243,9.087056460770481e-06
PortScan,0.4256847903473601,0.9998424452497243,9.081621980581624e-06
PortScan,0.4257409974894143,0.9998424452497243,9.081408046291224e-06
PortScan,0.42575973320343236,0.9998424452497243,9.081408008470846e-06
PortScan,0.42608760819874847,0.9998424452497243,9.075339173854133e-06
PortScan,0.4261344474837936,0.9998424452497243,9.074790529626145e-06
PortScan,0.4261719189118297,0.9998424452497243,9.074790491833319e-06
PortScan,0.42666841533330835,0.9998424452497243,9.067037547390373e-06
PortScan,0.4267339903323716,0.9998424452497243,9.066689475392013e-06
PortScan,0.42675272604638964,0.9998424452497243,9.066673994176674e-06
PortScan,0.4272117510398321,0.9998424452497243,9.056896378911417e-06
PortScan,0.42723048675385017,0.9998424452497243,9.056773887491051e-06
PortScan,0.4439521115149698,0.9998424452497243,8.822967255798939e-06
PortScan,0.4439708472289879,0.9998424452497243,8.822916751172916e-06
PortScan,0.44484205793082776,0.9998424452497243,8.806104483584846e-06
PortScan,0.4448607936448458,0.9998424452497243,8.80593415841504e-06
PortScan,0.4660134147712369,0.9998424452497243,8.61625009511686e-06
PortScan,0.466032150485255,0.9998424452497243,8.616232209224273e-06
PortScan,0.4660602540562821,0.9998424452497243,8.616206714282849e-06
PortScan,0.4915220894068273,0.9998424452497243,8.405998155515808e-06
PortScan,0.4915501929778544,0.9998424452497243,8.405735067939172e-06
PortScan,0.4918968036871885,0.9998424452497243,8.40181762418651e-06
PortScan,0.49193427511522464,0.9998424452497243,8.401589128064522e-06
PortScan,0.49236519653764005,0.9998424452497243,8.396425685411927e-06
PortScan,0.4923839322516581,0.9998424452497243,8.396366747430421e-06
PortScan,0.4924120358226852,0.9998424452497243,8.396366660011593e-06
PortScan,0.4930022108142541,0.9998424452497243,8.39043165338601e-06
PortScan,0.4930771536703264,0.9998424452497243,8.390248400563301e-06
PortScan,0.4934799715217147,0.9998424452497243,8.386228559253647e-06
PortScan,0.49349870723573275,0.9998424452497243,8.386211041682218e-06
PortScan,0.4937797429460037,0.9998424452497243,8.383046702478113e-06
PortScan,0.493882789373103,0.9998424452497243,8.382798841082788e-06
PortScan,0.4939015250871211,0.9998424452497243,8.38275843925711e-06
PortScan,0.49392026080113915,0.9998424452497243,8.382744073448437e-06
PortScan,0.49630906433844196,0.9998424452497243,8.348266525833373e-06
PortScan,0.4964402143365684,0.9998424452497243,8.347855180995786e-06
PortScan,0.4964495821935774,0.9998424452497243,8.347802858625564e-06
PortScan,0.49652452504964967,0.9998424452497243,8.347787666633084e-06
PortScan,0.5035785213774497,0.9998424452497243,8.223214624803917e-06
PortScan,0.5036066249484767,0.9998424452497243,8.223101098014694e-06
PortScan,0.5048431820736689,0.9998424452497243,8.20828537961967e-06
PortScan,0.5048619177876869,0.9998424452497243,8.208277332616231e-06
PortScan,0.5084123355941095,0.9998424452497243,8.19352549221734e-06
PortScan,0.5084310713081276,0.9998424452497243,8.193456601695097e-06
PortScan,0.5118222355453966,0.9998424452497243,8.17086604133488e-06
PortScan,0.5118409712594147,0.9998424452497243,8.170839592239866e-06
PortScan,0.513161839097688,0.9998424452497243,8.16046588522947e-06
PortScan,0.5131805748117061,0.9998424452497243,8.160264274503375e-06
PortScan,0.5320474388278937,0.9998424452497243,8.096383363213387e-06
PortScan,0.5320474388278937,1.0,8.096377124609524e-06
PortScan,0.5536778206617454,1.0,7.966359099883508e-06
PortScan,0.5537152920897815,1.0,7.966356530137725e-06
PortScan,0.8871173230411811,1.0,7.813955736495956e-06
PortScan,0.8871360587551992,1.0,7.813954971758365e-06
PortScan,0.8900494622850077,1.0,7.80941857942151e-06
PortScan,0.8900869337130438,1.0,7.809418449328989e-06
PortScan,0.8901150372840709,1.0,7.809418368021148e-06
PortScan,0.8908269944167572,1.0,7.808800464256809e-06
PortScan,0.8908644658447934,1.0,7.808800399215702e-06
PortScan,0.8923539551092292,1.0,7.805521612696362e-06
PortScan,0.8923820586802563,1.0,7.805517869144354e-06
PortScan,0.8943867800801889,1.0,7.800083124578474e-06
PortScan,0.8944055157942069,1.0,7.800083010883582e-06
PortScan,0.894724022932514,1.0,7.79997511564198e-06
PortScan,0.894742758646532,1.0,7.799975066916273e-06
PortScan,0.8947521265035411,1.0,7.799975018190544e-06
PortScan,0.8947708622175591,1.0,7.799974904497245e-06
PortScan,0.8948177015026043,1.0,7.799974595901106e-06
PortScan,0.8948364372166223,1.0,7.79997456341732e-06
PortScan,0.8948926443586765,1.0,7.7999744172402e-06
PortScan,0.8949301157867127,1.0,7.799974400998293e-06
PortScan,0.8949488515007307,1.0,7.799974336030693e-06
PortScan,0.8949675872147488,1.0,7.799974271063085e-06
PortScan,0.8949863229287668,1.0,7.799974238579297e-06
PortScan,0.8952860943530558,1.0,7.799959653366132e-06
PortScan,0.8953048300670738,1.0,7.799957818035012e-06
PortScan,0.8978528871735302,1.0,7.795446936613965e-06
PortScan,0.8978716228875483,1.0,7.795446417174827e-06
PortScan,0.8982463371679095,1.0,7.794950957389147e-06
PortScan,0.8982650728819276,1.0,7.794950941157714e-06
PortScan,0.8985273728781804,1.0,7.794935992015031e-06
PortScan,0.8985461085921984,1.0,7.794935781006702e-06
PortScan,0.8989114550155507,1.0,7.794892232257204e-06
PortScan,0.8989301907295687,1.0,7.794891988787427e-06
PortScan,0.8992112264398396,1.0,7.794827909280371e-06
PortScan,0.8992486978678758,1.0,7.794827730737337e-06
PortScan,0.8993611121519841,1.0,7.794827373651289e-06
PortScan,0.8993798478660022,1.0,7.79482732495774e-06
PortScan,0.8993892157230112,1.0,7.79482724380182e-06
PortScan,0.8994266871510473,1.0,7.794827065258799e-06
PortScan,0.8994360550080563,1.0,7.794827049027625e-06
PortScan,0.8994735264360925,1.0,7.794827000334072e-06
PortScan,0.8995016300071196,1.0,7.79482693540935e-06
PortScan,0.8995109978641286,1.0,7.79482691917816e-06
PortScan,0.8995484692921647,1.0,7.794826854253435e-06
PortScan,0.8995672050061828,1.0,7.794826773097523e-06
PortScan,0.8995859407202008,1.0,7.794826756866347e-06
PortScan,0.8996702514332822,1.0,7.794826464705051e-06
PortScan,0.8996889871473002,1.0,7.794826383549163e-06
PortScan,0.8997170907183273,1.0,7.794826237468536e-06
PortScan,0.8997358264323453,1.0,7.794826091387896e-06
PortScan,0.8998295050024356,1.0,7.794813544695154e-06
PortScan,0.8998482407164538,1.0,7.794813463539381e-06
PortScan,0.8998950800014989,1.0,7.794813252534382e-06
PortScan,0.899932551429535,1.0,7.794813171378613e-06
PortScan,0.899951287143553,1.0,7.79481297660477e-06
PortScan,0.8999700228575711,1.0,7.794812879217843e-06
PortScan,0.9000262299996253,1.0,7.794810428314066e-06
PortScan,0.9000637014276615,1.0,7.79481037962063e-06
PortScan,0.9000918049986885,1.0,7.794810119922262e-06
PortScan,0.9001105407127066,1.0,7.794810087459953e-06
PortScan,0.9002323228538239,1.0,7.794805153192665e-06
PortScan,0.900251058567842,1.0,7.794805136961539e-06
PortScan,0.9023026192528197,1.0,7.789344798862763e-06
PortScan,0.9023213549668377,1.0,7.789335780677361e-06
PortScan,0.9024150335369281,1.0,7.789219940094714e-06
PortScan,0.9024431371079552,1.0,7.78921374080902e-06
PortScan,0.9025087121070184,1.0,7.789167325731736e-06
PortScan,0.9025274478210364,1.0,7.789159097523565e-06
PortScan,0.9028834263873796,1.0,7.788480018246444e-06
PortScan,0.9029021621013977,1.0,7.788448312185913e-06
PortScan,0.9031550942406416,1.0,7.78801833295996e-06
PortScan,0.9031738299546596,1.0,7.787990656471325e-06
PortScan,0.903614119234084,1.0,7.787250946386626e-06
PortScan,0.9036422228051111,1.0,7.787236251552865e-06
PortScan,0.9037640049462285,1.0,7.786919876359783e-06
PortScan,0.9037827406602466,1.0,7.78691986014506e-06
PortScan,0.9109397834151459,1.0,7.750498686655938e-06
PortScan,0.9110240941282273,1.0,7.750481339876342e-06
PortScan,0.9120639262562297,1.0,7.743289185641445e-06
PortScan,0.9120920298272567,1.0,7.743276110326782e-06
PortScan,0.9141997976542886,1.0,7.71824888048952e-06
PortScan,0.9142653726533518,1.0,7.718173435891079e-06
PortScan,0.914312211938397,1.0,7.718110949767036e-06
PortScan,0.9233334582380934,1.0,7.602916311002787e-06
PortScan,0.9233615618091205,1.0,7.602829502945514e-06
PortScan,0.9328043616742234,1.0,7.5212214381884175e-06
PortScan,0.9328230973882414,1.0,7.521158403124576e-06
PortScan,0.9793157717240604,1.0,6.69732984364496e-06
PortScan,0.9793345074380785,1.0,6.697329823881274e-06
PortScan,0.9797841645745119,1.0,6.663993384732436e-06
PortScan,0.97980290028853,1.0,6.663726804968257e-06
PortScan,0.980411810994117,1.0,6.631085017380831e-06
PortScan,0.980430546708135,1.0,6.630730674900148e-06
PortScan,0.9808708359875595,1.0,6.574805935539386e-06
PortScan,0.9808895717015775,1.0,6.573492392216609e-06
PortScan,0.9812174466968936,1.0,6.54203849658211e-06
PortScan,0.9812361824109117,1.0,6.5419527894560755e-06
PortScan,0.9838779180874583,1.0,6.197564818259775e-06
PortScan,0.9838966538014764,1.0,6.19568130098684e-06
PortScan,0.9845243002210814,1.0,6.131203785932269e-06
PortScan,0.9845430359350995,1.0,6.130553932083544e-06
PortScan,0.9845617716491175,1.0,6.128490312487731e-06
PortScan,0.9845805073631356,1.0,6.127811627875659e-06
PortScan,0.9846273466481807,1.0,6.1255761429409294e-06
PortScan,0.9846554502192079,1.0,6.124346958641298e-06
PortScan,0.9975081500355979,1.0,1.3151774369041372e-06
PortScan,0.9975268857496159,1.0,1.3135480675665179e-06
PortScan,1.0,1.0,6.1932649847302215e-307
SSH-Patator,0.0,0.0,inf
SSH-Patator,0.0,0.0041841004184100415,0.9998292293174946
SSH-Patator,0.0,0.9832635983263598,0.9877241788515903
SSH-Patator,8.860849223789609e-06,0.9832635983263598,0.9773458401308384
SSH-Patator,8.860849223789609e-06,1.0,0.2617728608133944
SSH-Patator,0.006397533139576097,1.0,7.431326376905364e-05
SSH-Patator,0.006415254838023676,1.0,7.360995395375085e-05
SSH-Patator,0.019547033387679876,1.0,2.2326276147352204e-05
SSH-Patator,0.019564755086127456,1.0,2.231945491955642e-05
SSH-Patator,0.0196976678244843,1.0,2.2292200518896632e-05
SSH-Patator,0.019715389522931878,1.0,2.2291888672017505e-05
SSH-Patator,0.019910328205855247,1.0,2.226077994208071e-05
SSH-Patator,0.019928049904302827,1.0,2.225863230246821e-05
SSH-Patator,0.021407811724675693,1.0,2.1870296301607818e-05
SSH-Patator,0.021425533423123273,1.0,2.1853625214053207e-05
SSH-Patator,0.02419897923016942,1.0,2.109952384552665e-05
SSH-Patator,0.024216700928617,1.0,2.1097298351041526e-05
SSH-Patator,0.025111646700219748,1.0,2.09768120684275e-05
SSH-Patator,0.025129368398667327,1.0,2.0975187812171436e-05
SSH-Patator,0.02576734954278018,1.0,2.0866116271553186e-05
SSH-Patator,0.02578507124122776,1.0,2.08637822468578e-05
SSH-Patator,0.027902814205713476,1.0,2.016034390993058e-05
SSH-Patator,0.027920535904161055,1.0,2.0158512650062493e-05
SSH-Patator,0.028071170340965478,1.0,2.0128849377482842e-05
SSH-Patator,0.028088892039413057,1.0,2.0127916221592938e-05
SSH-Patator,0.029125611398596443,1.0,1.991072962882097e-05
SSH-Patator,0.02914333309704402,1.0,1.9910265796331512e-05
SSH-Patator,0.06666016871056922,1.0,6.506159038484858e-06
SSH-Patator,0.0666778904090168,1.0,6.505999129387286e-06
SSH-Patator,0.08660594031331963,1.0,6.297411049205565e-06
SSH-Patator,0.0866236620117672,1.0,6.297296304430627e-06
SSH-Patator,0.09970227546608067,1.0,5.51236655387048e-06
SSH-Patator,0.09971999716452824,1.0,5.51228224875545e-06
SSH-Patator,0.28825228609909975,1.0,3.8512659834579697e-07
SSH-Patator,0.2882700077975473,1.0,3.8507909765319863e-07
SSH-Patator,0.3047866307506911,1.0,3.5673016070472097e-07
SSH-Patator,0.3048043524491387,1.0,3.5672247699583484e-07
SSH-Patator,0.748608846671865,1.0,2.462948915208709e-07
SSH-Patator,0.7486265683703126,1.0,2.462905019520915e-07
SSH-Patator,0.7529152193946268,1.0,2.450263560268237e-07
SSH-Patator,0.7529595236407457,1.0,2.450255053865962e-07
SSH-Patator,0.7580367902459771,1.0,2.4344375859036035e-07
SSH-Patator,0.75808995534132,1.0,2.4344047439136886e-07
SSH-Patator,0.7581076770397674,1.0,2.4344046380950616e-07
SSH-Patator,0.7632115261926703,1.0,2.416006134556071e-07
SSH-Patator,0.7632558304387893,1.0,2.415952958600214e-07
SSH-Patator,0.7632912738356844,1.0,2.415952853583646e-07
SSH-Patator,0.7685723399730631,1.0,2.3935720449176924e-07
SSH-Patator,0.7686343659176296,1.0,2.393536796733311e-07
SSH-Patator,0.7686520876160772,1.0,2.393501290527344e-07
SSH-Patator,0.7686698093145247,1.0,2.3934941398189094e-07
SSH-Patator,0.7723116183455022,1.0,2.3773559599121695e-07
SSH-Patator,0.7723293400439498,1.0,2.3773316468004942e-07
SSH-Patator,0.774429361309988,1.0,2.3664015904040604e-07
SSH-Patator,0.7744470830084356,1.0,2.366355746239713e-07
SSH-Patator,0.7750496207556532,1.0,2.3648914973438834e-07
SSH-Patator,0.7750673424541008,1.0,2.3648890816144973e-07
SSH-Patator,0.7758648188842419,1.0,2.363445440442657e-07
SSH-Patator,0.7759002622811371,1.0,2.3634450295059274e-07
SSH-Patator,0.7759268448288084,1.0,2.3634447726705093e-07
SSH-Patator,0.7763787481392217,1.0,2.3632410393923343e-07
SSH-Patator,0.7764141915361168,1.0,2.3632408339417338e-07
SSH-Patator,0.777291415609272,1.0,2.3607256153952862e-07
SSH-Patator,0.7773091373077196,1.0,2.3607254614713422e-07
SSH-Patator,0.7773179981569434,1.0,2.3607253075474017e-07
SSH-Patator,0.777335719855391,1.0,2.3607249483916006e-07
SSH-Patator,0.7773800241015099,1.0,2.3607239735404022e-07
SSH-Patator,0.7773977457999575,1.0,2.3607238709245147e-07
SSH-Patator,0.7774509108953002,1.0,2.360723409153056e-07
SSH-Patator,0.7774863542921954,1.0,2.3607233578451199e-07
SSH-Patator,0.777504075990643,1.0,2.360723152613394e-07
SSH-Patator,0.7775217976890906,1.0,2.3607229473816833e-07
SSH-Patator,0.7775395193875381,1.0,2.360722844765836e-07
SSH-Patator,0.7778939533564897,1.0,2.3606732216391583e-07
SSH-Patator,0.7779116750549373,1.0,2.360670973025964e-07
SSH-Patator,0.7781509179839796,1.0,2.3606338183117431e-07
SSH-Patator,0.7781686396824271,1.0,2.3606334591698556e-07
SSH-Patator,0.7792142198908344,1.0,2.3592848234338297e-07
SSH-Patator,0.7792319415892819,1.0,2.3592831825810048e-07
SSH-Patator,0.7795509321613383,1.0,2.3591059683116206e-07
SSH-Patator,0.7795686538597859,1.0,2.3590999433893007e-07
SSH-Patator,0.7796218189551286,1.0,2.3590811222108958e-07
SSH-Patator,0.7796572623520238,1.0,2.3590805582163033e-07
SSH-Patator,0.7797635925427093,1.0,2.3590794302275305e-07
SSH-Patator,0.7797813142411568,1.0,2.359079276410921e-07
SSH-Patator,0.7797901750903806,1.0,2.3590790200499258e-07
SSH-Patator,0.7798256184872758,1.0,2.3590784560558403e-07
SSH-Patator,0.7798344793364996,1.0,2.3590784047836556e-07
SSH-Patator,0.7798699227333947,1.0,2.3590782509671157e-07
SSH-Patator,0.7798965052810661,1.0,2.35907804587841e-07
SSH-Patator,0.7799053661302899,1.0,2.359077994606234e-07
SSH-Patator,0.779940809527185,1.0,2.3590777895175495e-07
SSH-Patator,0.7799585312256326,1.0,2.3590775331567174e-07
SSH-Patator,0.7799762529240802,1.0,2.359077481884556e-07
SSH-Patator,0.7800560005670943,1.0,2.3590765589858093e-07
SSH-Patator,0.780073722265542,1.0,2.359076302625116e-07
SSH-Patator,0.7801003048132134,1.0,2.359075841175931e-07
SSH-Patator,0.7801180265116608,1.0,2.359075379726831e-07
SSH-Patator,0.7802863826469129,1.0,2.3590371222919518e-07
SSH-Patator,0.7803041043453605,1.0,2.3590370710206696e-07
SSH-Patator,0.7803749911391508,1.0,2.359035746713545e-07
SSH-Patator,0.7803927128375984,1.0,2.3590354903572814e-07
SSH-Patator,0.7804547387821649,1.0,2.3590348150852498e-07
SSH-Patator,0.7804901821790601,1.0,2.359034567474967e-07
SSH-Patator,0.7805167647267314,1.0,2.3590339522202938e-07
SSH-Patator,0.780534486425179,1.0,2.3590336445930172e-07
SSH-Patator,0.7806673991635358,1.0,2.3590259026530646e-07
SSH-Patator,0.780702842560431,1.0,2.3590257488399438e-07
SSH-Patator,0.7807382859573262,1.0,2.3590249285034792e-07
SSH-Patator,0.7807560076557737,1.0,2.3590248259614408e-07
SSH-Patator,0.7809155029418019,1.0,2.3590092396234693e-07
SSH-Patator,0.7809332246402495,1.0,2.3590091883527937e-07
SSH-Patator,0.7810927199262777,1.0,2.3589898506406223e-07
SSH-Patator,0.7811104416247253,1.0,2.3589891841273658e-07
SSH-Patator,0.781500318990572,1.0,2.3588516300751004e-07
SSH-Patator,0.7815180406890196,1.0,2.3588508610664213e-07
SSH-Patator,0.7822003260792514,1.0,2.3572138555580215e-07
SSH-Patator,0.7822269086269228,1.0,2.3571309129622894e-07
SSH-Patator,0.7822534911745942,1.0,2.3569985279472508e-07
SSH-Patator,0.7822712128730418,1.0,2.3569583258968686e-07
SSH-Patator,0.7824218473098462,1.0,2.3563226304294923e-07
SSH-Patator,0.7824395690082937,1.0,2.3562961264390129e-07
SSH-Patator,0.7828560289218118,1.0,2.354870094298693e-07
SSH-Patator,0.7828737506202594,1.0,2.3548513750127583e-07
SSH-Patator,0.7836978095980719,1.0,2.351474209410325e-07
SSH-Patator,0.7837155312965195,1.0,2.351474158303415e-07
SSH-Patator,0.7838661657333239,1.0,2.3509086659834795e-07
SSH-Patator,0.7838927482809952,1.0,2.3508924194015336e-07
SSH-Patator,0.7848054157510456,1.0,2.3460484826627707e-07
SSH-Patator,0.7848231374494932,1.0,2.3460134718726828e-07
SSH-Patator,0.7848497199971646,1.0,2.3459410187255872e-07
SSH-Patator,0.7877294959948962,1.0,2.33001996310445e-07
SSH-Patator,0.7877472176933438,1.0,2.3300016193998003e-07
SSH-Patator,0.8017473594669313,1.0,2.254306355027864e-07
SSH-Patator,0.8017739420146027,1.0,2.2540000848975765e-07
SSH-Patator,0.8042638406464876,1.0,2.2434543214397924e-07
SSH-Patator,0.8042815623449351,1.0,2.2434266304255785e-07
SSH-Patator,0.8046359963138867,1.0,2.242489252118277e-07
SSH-Patator,0.8046714397107819,1.0,2.2424233376909715e-07
SSH-Patator,0.8071967817395619,1.0,2.2279662772626847e-07
SSH-Patator,0.8072145034380095,1.0,2.2279173584946308e-07
SSH-Patator,0.8072410859856809,1.0,2.2279171163869996e-07
SSH-Patator,0.8097575671652372,1.0,2.2111716897254127e-07
SSH-Patator,0.8098284539590275,1.0,2.2110306593956716e-07
SSH-Patator,0.8098373148082513,1.0,2.2109874509874667e-07
SSH-Patator,0.8099347841497129,1.0,2.2109794127777216e-07
SSH-Patator,0.8125664563691785,1.0,2.190502814376493e-07
SSH-Patator,0.812584178067626,1.0,2.1904767094978843e-07
SSH-Patator,0.8141082441341179,1.0,2.179672491588429e-07
SSH-Patator,0.8141259658325654,1.0,2.17962587854089e-07
SSH-Patator,0.8173956191961438,1.0,2.147048477529004e-07
SSH-Patator,0.8174310625930389,1.0,2.1469821224464327e-07
SSH-Patator,0.8201867867016375,1.0,2.1167344113844616e-07
SSH-Patator,0.8203108385907706,1.0,2.1166529799061917e-07
SSH-Patator,0.8203640036861133,1.0,2.1164821125824816e-07
SSH-Patator,0.8204348904799036,1.0,2.1164743105826765e-07
SSH-Patator,0.828710923654923,1.0,2.0234860983773747e-07
SSH-Patator,0.8287906712979372,1.0,2.0234489398173007e-07
SSH-Patator,0.8365261926703055,1.0,1.9372115024653374e-07
SSH-Patator,0.8365882186148721,1.0,1.9371230559547248e-07
SSH-Patator,0.836632522860991,1.0,1.9369593725578351e-07
SSH-Patator,0.8463971787056072,1.0,1.8088939009073302e-07
SSH-Patator,0.8464237612532786,1.0,1.808823310659978e-07
SSH-Patator,0.8639239384702629,1.0,1.6554559297859574e-07
SSH-Patator,0.8639505210179343,1.0,1.655403007261612e-07
SSH-Patator,0.9039306727156731,1.0,1.3160287928334973e-07
SSH-Patator,0.9039483944141207,1.0,1.3156009604525782e-07
SSH-Patator,0.9133497554405614,1.0,1.2092565245033702e-07
SSH-Patator,0.913367477139009,1.0,1.2092387499797422e-07
SSH-Patator,0.918675125824059,1.0,1.1400641220904602e-07
SSH-Patator,0.9186928475225066,1.0,1.1399484121084264e-07
SSH-Patator,0.9245410080102077,1.0,1.0500927950016334e-07
SSH-Patator,0.9245675905578791,1.0,1.0499195433158282e-07
SSH-Patator,0.9410221875664564,1.0,6.874373056185732e-08
SSH-Patator,0.9410487701141277,1.0,6.873876319244932e-08
SSH-Patator,0.9551197986815056,1.0,3.575043836246144e-08
SSH-Patator,0.9551375203799533,1.0,3.574948484875965e-08
SSH-Patator,0.9634401361026441,1.0,2.2126820524942203e-08
SSH-Patator,0.9634578578010916,1.0,2.2102041043926766e-08
SSH-Patator,0.968960445169065,1.0,1.590331164744646e-08
SSH-Patator,0.9689781668675126,1.0,1.5903106311495997e-08
SSH-Patator,0.9691553838519884,1.0,1.5529064362282722e-08
SSH-Patator,0.969173105550436,1.0,1.5526216504125984e-08
SSH-Patator,0.9693414616856879,1.0,1.5103900559674554e-08
SSH-Patator,0.9693591833841355,1.0,1.510014567323149e-08
SSH-Patator,0.9702186857588432,1.0,1.3824599860677044e-08
SSH-Patator,0.9702364074572907,1.0,1.3819349991939263e-08
SSH-Patator,0.9702452683065145,1.0,1.3803445690683737e-08
SSH-Patator,0.9702629900049621,1.0,1.3793742987756956e-08
SSH-Patator,0.9702895725526335,1.0,1.3759811765744487e-08
SSH-Patator,0.970307294251081,1.0,1.3754966044905264e-08
SSH-Patator,0.9703427376479762,1.0,1.3718487811627998e-08
SSH-Patator,0.9703693201956476,1.0,1.3674010223255566e-08
SSH-Patator,0.9706971716169278,1.0,1.3164573017536597e-08
SSH-Patator,0.9707148933153753,1.0,1.3118403817311388e-08
SSH-Patator,0.9885606436520876,1.0,3.6592032475962174e-10
SSH-Patator,0.9885783653505352,1.0,3.659124192616017e-10
SSH-Patator,0.9960746437938612,1.0,1.0574064545561869e-15
SSH-Patator,0.9960923654923087,1.0,1.0275108778916429e-15
SSH-Patator,0.9990253065853831,1.0,6.568943631539096e-20
SSH-Patator,0.9990430282838307,1.0,6.51103272058466e-20
SSH-Patator,0.9999379740554335,1.0,1.2170261558990459e-242
SSH-Patator,1.0,1.0,0.0
Web Attack - Brute Force,0.0,0.0,inf
Web Attack - Brute Force,0.0,0.016666666666666666,0.9999985624317704
Web Attack - Brute Force,0.0,0.16666666666666666,0.9999952163468582
Web Attack - Brute Force,1.769363471491131e-05,0.16666666666666666,0.999974670953629
Web Attack - Brute Force,1.769363471491131e-05,0.23333333333333334,0.9999713081424646
Web Attack - Brute Force,2.6540452072366964e-05,0.23333333333333334,0.9999695888124527
Web Attack - Brute Force,2.6540452072366964e-05,0.25,0.9999650004183078
Web Attack - Brute Force,3.538726942982262e-05,0.25,0.9999597547828208
Web Attack - Brute Force,3.538726942982262e-05,0.65,0.9999107359359604
Web Attack - Brute Force,7.077453885964524e-05,0.65,0.999865504589805
Web Attack - Brute Force,7.077453885964524e-05,0.6833333333333333,0.9997761004339164
Web Attack - Brute Force,7.96213562171009e-05,0.6833333333333333,0.9996845944145151
Web Attack - Brute Force,7.96213562171009e-05,0.7,0.9996181393169044
Web Attack - Brute Force,8.846817357455655e-05,0.7,0.9993867580578847
Web Attack - Brute Force,8.846817357455655e-05,0.7666666666666667,0.9891293607532567
Web Attack - Brute Force,0.00010616180828946786,0.7666666666666667,0.9749907972081867
Web Attack - Brute Force,0.00010616180828946786,0.7833333333333333,0.9463245885691568
Web Attack - Brute Force,0.0001769363471491131,0.7833333333333333,0.7127964740681512
Web Attack - Brute Force,0.0001769363471491131,0.8166666666666667,0.5877286700232757
Web Attack - Brute Force,0.0004777281373026054,0.8166666666666667,0.13096792821664963
Web Attack - Brute Force,0.0004777281373026054,0.8333333333333334,0.1269558551474913
Web Attack - Brute Force,0.000539655858804795,0.8333333333333334,0.09747503151642667
Web Attack - Brute Force,0.000539655858804795,0.85,0.0907001314667152
Web Attack - Brute Force,0.001795903923563498,0.85,0.007675116147784062
Web Attack - Brute Force,0.001795903923563498,0.8666666666666667,0.007392804584572114
Web Attack - Brute Force,0.0018135975582784093,0.8666666666666667,0.007174216620704934
Web Attack - Brute Force,0.0018135975582784093,0.8833333333333333,0.00703181954889372
Web Attack - Brute Force,0.0018843720971380546,0.8833333333333333,0.0065392583152525914
Web Attack - Brute Force,0.0018843720971380546,0.9,0.006439583093214414
Web Attack - Brute Force,0.0027779006502410756,0.9,0.0027075366935194584
Web Attack - Brute Force,0.0027779006502410756,0.9166666666666666,0.002575354393114744
Web Attack - Brute Force,0.0040341487149997786,0.9166666666666666,0.0011323122089710183
Web Attack - Brute Force,0.0040341487149997786,0.9333333333333333,0.0011279755126234036
Web Attack - Brute Force,0.005201928606183926,0.9333333333333333,0.000587060897289165
Web Attack - Brute Force,0.005201928606183926,0.95,0.0005829076754594044
Web Attack - Brute Force,0.005706197195558898,0.95,0.0004821624037376387
Web Attack - Brute Force,0.005706197195558898,0.9666666666666667,0.00048197591592989366
Web Attack - Brute Force,0.007369398858760561,0.9666666666666667,0.00023160746584760148
Web Attack - Brute Force,0.007369398858760561,0.9833333333333333,0.000229926742523946
Web Attack - Brute Force,0.007475560667050029,0.9833333333333333,0.00021942615338153436
Web Attack - Brute Force,0.007475560667050029,1.0,0.00021929527151395134
Web Attack - Brute Force,0.008139071968859202,1.0,0.00016017832911892729
Web Attack - Brute Force,0.008156765603574114,1.0,0.00015991657799603473
Web Attack - Brute Force,0.01997611359313487,1.0,6.499216951248156e-05
Web Attack - Brute Force,0.01999380722784978,1.0,6.49825378704653e-05
Web Attack - Brute Force,0.020144203122926526,1.0,6.4923383083959e-05
Web Attack - Brute Force,0.020161896757641438,1.0,6.492271324015648e-05
Web Attack - Brute Force,0.020329986287433096,1.0,6.485833696972066e-05
Web Attack - Brute Force,0.020347679922148008,1.0,6.485378630307985e-05
Web Attack - Brute Force,0.0218250984208431,1.0,6.401405859548173e-05
Web Attack - Brute Force,0.021842792055558013,1.0,6.39973424082297e-05
Web Attack - Brute Force,0.024726854514088556,1.0,6.230868555106378e-05
Web Attack - Brute Force,0.024744548148803468,1.0,6.230453563949494e-05
Web Attack - Brute Force,0.025682310788693766,1.0,6.204257348656419e-05
Web Attack - Brute Force,0.025700004423408678,1.0,6.203896058571696e-05
Web Attack - Brute Force,0.02614234529128146,1.0,6.180138297913488e-05
Web Attack - Brute Force,0.026160038925996373,1.0,6.179728082633111e-05
Web Attack - Brute Force,0.028239041004998452,1.0,6.0321368012708436e-05
Web Attack - Brute Force,0.028256734639713364,1.0,6.031743540442998e-05
Web Attack - Brute Force,0.02861060733401159,1.0,6.0101865322352495e-05
Web Attack - Brute Force,0.0286283009687265,1.0,6.010158261133522e-05
Web Attack - Brute Force,0.029406820896182597,1.0,5.9786066339528834e-05
Web Attack - Brute Force,0.02942451453089751,1.0,5.978514773181182e-05
Web Attack - Brute Force,0.0401999380722785,1.0,2.6441764104701237e-05
Web Attack - Brute Force,0.04021763170699341,1.0,2.644129061384684e-05
Web Attack - Brute Force,0.04084575573937276,1.0,2.579880341112786e-05
Web Attack - Brute Force,0.040863449374087674,1.0,2.5794633291889003e-05
Web Attack - Brute Force,0.10006635113018092,1.0,1.8835777848933666e-05
Web Attack - Brute Force,0.10008404476489582,1.0,1.883420526445925e-05
Web Attack - Brute Force,0.3327376476312647,1.0,6.399189692057658e-07
Web Attack - Brute Force,0.33275534126597955,1.0,6.399081019561687e-07
Web Attack - Brute Force,0.34526474100942184,1.0,6.102814117314832e-07
Web Attack - Brute Force,0.34528243464413677,1.0,6.102506259604522e-07
Web Attack - Brute Force,0.721581810943513,1.0,4.378196316760579e-07
Web Attack - Brute Force,0.721599504578228,1.0,4.378113046980244e-07
Web Attack - Brute Force,0.7283673198566816,1.0,4.361531407344858e-07
Web Attack - Brute Force,0.7284115539434688,1.0,4.361524608286208e-07
Web Attack - Brute Force,0.7356482505418676,1.0,4.3407368707642313e-07
Web Attack - Brute Force,0.7357013314460124,1.0,4.3407076142792277e-07
Web Attack - Brute Force,0.7357190250807272,1.0,4.340707475183732e-07
Web Attack - Brute Force,0.7439023311363737,1.0,4.316450078990192e-07
Web Attack - Brute Force,0.7439465652231609,1.0,4.316429046067385e-07
Web Attack - Brute Force,0.7439819524925908,1.0,4.31642890774987e-07
Web Attack - Brute Force,0.7534038129782811,1.0,4.2868744712859523e-07
Web Attack - Brute Force,0.7534657406997832,1.0,4.2868685410571324e-07
Web Attack - Brute Force,0.7534834343344982,1.0,4.2868215283171994e-07
Web Attack - Brute Force,0.7535011279692131,1.0,4.28681221961962e-07
Web Attack - Brute Force,0.7644004069535985,1.0,4.250961525504151e-07
Web Attack - Brute Force,0.7644181005883134,1.0,4.2509267098982857e-07
Web Attack - Brute Force,0.7684345556685982,1.0,4.2389412800564776e-07
Web Attack - Brute Force,0.7684522493033131,1.0,4.238932460493196e-07
Web Attack - Brute Force,0.7854292918122705,1.0,4.176564491415618e-07
Web Attack - Brute Force,0.7854469854469854,1.0,4.176554528777084e-07
Web Attack - Brute Force,0.7907550758614589,1.0,4.1519021559249255e-07
Web Attack - Brute Force,0.7907727694961737,1.0,4.1518227931026885e-07
Web Attack - Brute Force,0.7908081567656036,1.0,4.1517302702101796e-07
Web Attack - Brute Force,0.790834697217676,1.0,4.1517282672605484e-07
Web Attack - Brute Force,0.8195426195426195,1.0,4.007699839793223e-07
Web Attack - Brute Force,0.8195603131773345,1.0,4.0076968218187896e-07
Web Attack - Brute Force,0.8206219312602291,1.0,4.0051285557352057e-07
Web Attack - Brute Force,0.820657318529659,1.0,4.005128042366847e-07
Web Attack - Brute Force,0.8206838589817314,1.0,4.005127721511659e-07
Web Attack - Brute Force,0.8211792807537488,1.0,4.004755834507886e-07
Web Attack - Brute Force,0.8212146680231787,1.0,4.004755577847599e-07
Web Attack - Brute Force,0.8220816561242094,1.0,3.9997919818285616e-07
Web Attack - Brute Force,0.8220993497589242,1.0,3.999791789571938e-07
Web Attack - Brute Force,0.8221081965762816,1.0,3.9997915973153056e-07
Web Attack - Brute Force,0.8221258902109966,1.0,3.99979114871656e-07
Web Attack - Brute Force,0.8221701242977839,1.0,3.9997899310916456e-07
Web Attack - Brute Force,0.8221878179324987,1.0,3.999789802920625e-07
Web Attack - Brute Force,0.8222408988366435,1.0,3.999789226151077e-07
Web Attack - Brute Force,0.8222762861060734,1.0,3.999789162065574e-07
Web Attack - Brute Force,0.8222939797407882,1.0,3.9997889057235844e-07
Web Attack - Brute Force,0.8223116733755031,1.0,3.999788649381607e-07
Web Attack - Brute Force,0.8223293670102181,1.0,3.999788521210633e-07
Web Attack - Brute Force,0.8226832397045163,1.0,3.999730972855018e-07
Web Attack - Brute Force,0.8227009333392312,1.0,3.9997237313054533e-07
Web Attack - Brute Force,0.8228690228690229,1.0,3.999702618731563e-07
Web Attack - Brute Force,0.8228867165037378,1.0,3.9997021701427885e-07
Web Attack - Brute Force,0.8239306409519176,1.0,3.997229165649926e-07
Web Attack - Brute Force,0.8239483345866324,1.0,3.997227116226998e-07
Web Attack - Brute Force,0.8244879904454373,1.0,3.9968571425515546e-07
Web Attack - Brute Force,0.8245233777148671,1.0,3.9968564381278727e-07
Web Attack - Brute Force,0.8246295395231565,1.0,3.996855029280866e-07
Web Attack - Brute Force,0.8246472331578715,1.0,3.996854837165412e-07
Web Attack - Brute Force,0.8246560799752289,1.0,3.9968545169729946e-07
Web Attack - Brute Force,0.8246914672446587,1.0,3.996853812549768e-07
Web Attack - Brute Force,0.8247003140620162,1.0,3.9968537485113037e-07
Web Attack - Brute Force,0.824735701331446,1.0,3.996853556395902e-07
Web Attack - Brute Force,0.8247622417835184,1.0,3.996853300242054e-07
Web Attack - Brute Force,0.8247710886008759,1.0,3.9968532362035907e-07
Web Attack - Brute Force,0.8248064758703056,1.0,3.996852980049761e-07
Web Attack - Brute Force,0.8248241695050206,1.0,3.9968526598574945e-07
Web Attack - Brute Force,0.8248418631397355,1.0,3.9968525958190476e-07
Web Attack - Brute Force,0.8249214844959526,1.0,3.9968514431271166e-07
Web Attack - Brute Force,0.8249391781306675,1.0,3.996851122934982e-07
Web Attack - Brute Force,0.8249657185827398,1.0,3.996850546589184e-07
Web Attack - Brute Force,0.8249834122174547,1.0,3.9968499702434686e-07
Web Attack - Brute Force,0.8250630335736718,1.0,3.9968274621809436e-07
Web Attack - Brute Force,0.8250807272083868,1.0,3.996827398142894e-07
Web Attack - Brute Force,0.8252930508249657,1.0,3.9968004688609763e-07
Web Attack - Brute Force,0.8253107444596807,1.0,3.9968001486729095e-07
Web Attack - Brute Force,0.8253638253638254,1.0,3.996799294472231e-07
Web Attack - Brute Force,0.8253992126332552,1.0,3.9967989959961123e-07
Web Attack - Brute Force,0.8254257530853275,1.0,3.9967982275451025e-07
Web Attack - Brute Force,0.8254434467200424,1.0,3.996797843319646e-07
Web Attack - Brute Force,0.825531914893617,1.0,3.996788173657916e-07
Web Attack - Brute Force,0.8255673021630469,1.0,3.996787981545666e-07
Web Attack - Brute Force,0.8255938426151193,1.0,3.996786956947172e-07
Web Attack - Brute Force,0.8256115362498341,1.0,3.9967868288723713e-07
Web Attack - Brute Force,0.8257530853275534,1.0,3.9967684195377945e-07
Web Attack - Brute Force,0.8257707789622684,1.0,3.9967675870555656e-07
Web Attack - Brute Force,0.8257973194143406,1.0,3.9967673615514314e-07
Web Attack - Brute Force,0.8258150130490556,1.0,3.9967672975143526e-07
Web Attack - Brute Force,0.826248507099571,1.0,3.9965957792423907e-07
Web Attack - Brute Force,0.8262662007342858,1.0,3.996594818727481e-07
Web Attack - Brute Force,0.8266112266112267,1.0,3.995676410793917e-07
Web Attack - Brute Force,0.8266289202459415,1.0,3.9956710363307465e-07
Web Attack - Brute Force,0.8271774229221037,1.0,3.993341801158223e-07
Web Attack - Brute Force,0.8272039633741761,1.0,3.9933196616762e-07
Web Attack - Brute Force,0.8272305038262485,1.0,3.993140981645795e-07
Web Attack - Brute Force,0.8272481974609635,1.0,3.993104112660326e-07
Web Attack - Brute Force,0.8274428274428275,1.0,3.992204596653544e-07
Web Attack - Brute Force,0.8274605210775423,1.0,3.992169617403155e-07
Web Attack - Brute Force,0.8278143937718406,1.0,3.9904063416289685e-07
Web Attack - Brute Force,0.8278320874065555,1.0,3.99036497775595e-07
Web Attack - Brute Force,0.828637147786084,1.0,3.986145423189174e-07
Web Attack - Brute Force,0.8286548414207988,1.0,3.986145359322282e-07
Web Attack - Brute Force,0.8287698500464458,1.0,3.985529661548419e-07
Web Attack - Brute Force,0.8287963904985182,1.0,3.9855255875567493e-07
Web Attack - Brute Force,0.8302207280930686,1.0,3.9758621996838476e-07
Web Attack - Brute Force,0.8302472685451409,1.0,3.9758434012898386e-07
Web Attack - Brute Force,0.8322024151811386,1.0,3.9607982365570613e-07
Web Attack - Brute Force,0.8322378024505684,1.0,3.9607794544902264e-07
Web Attack - Brute Force,0.8343610386163578,1.0,3.9432085448893423e-07
Web Attack - Brute Force,0.8344583536072898,1.0,3.943178983583393e-07
Web Attack - Brute Force,0.8345645154155793,1.0,3.941935326714342e-07
Web Attack - Brute Force,0.8345822090502941,1.0,3.941875034296363e-07
Web Attack - Brute Force,0.8346087495023665,1.0,3.9418747185084496e-07
Web Attack - Brute Force,0.8348653072057327,1.0,3.9398925085618564e-07
Web Attack - Brute Force,0.8348830008404476,1.0,3.9398881501318337e-07
Web Attack - Brute Force,0.8375016587782546,1.0,3.919866635847512e-07
Web Attack - Brute Force,0.8375724333171142,1.0,3.9198272221807194e-07
Web Attack - Brute Force,0.8403060998805679,1.0,3.8929828490408797e-07
Web Attack - Brute Force,0.8403237935152829,1.0,3.8929315153919233e-07
Web Attack - Brute Force,0.8441367717963463,1.0,3.857021837817455e-07
Web Attack - Brute Force,0.8441544654310612,1.0,3.856975528960792e-07
Web Attack - Brute Force,0.8484717123014995,1.0,3.8186649316143845e-07
Web Attack - Brute Force,0.848595567744504,1.0,3.8184547497341644e-07
Web Attack - Brute Force,0.8486044145618614,1.0,3.8182564906324304e-07
Web Attack - Brute Force,0.848675189100721,1.0,3.818217133532889e-07
Web Attack - Brute Force,0.8530543636926615,1.0,3.7703333536968336e-07
Web Attack - Brute Force,0.8530897509620914,1.0,3.770307330113697e-07
Web Attack - Brute Force,0.8648648648648649,1.0,3.5809114117908787e-07
Web Attack - Brute Force,0.864944486221082,1.0,3.58088382364967e-07
Web Attack - Brute Force,0.870924934754722,1.0,3.4678571330992704e-07
Web Attack - Brute Force,0.8709868624762241,1.0,3.4676190964905255e-07
Web Attack - Brute Force,0.8709957092935816,1.0,3.4674984335364347e-07
Web Attack - Brute Force,0.8710399433803689,1.0,3.467403089948123e-07
Web Attack - Brute Force,0.8739240058388995,1.0,3.400744797987692e-07
Web Attack - Brute Force,0.8739505462909718,1.0,3.400724069460563e-07
Web Attack - Brute Force,0.8929358163400717,1.0,3.08831447200957e-07
Web Attack - Brute Force,0.892962356792144,1.0,3.088269296327661e-07
Web Attack - Brute Force,0.920900606006989,1.0,2.747694821791056e-07
Web Attack - Brute Force,0.9209182996417039,1.0,2.747554380846595e-07
Web Attack - Brute Force,0.9320829831468129,1.0,2.540377190856635e-07
Web Attack - Brute Force,0.9321006767815279,1.0,2.540349880224514e-07
Web Attack - Brute Force,0.9374706949175035,1.0,2.4324136188497347e-07
Web Attack - Brute Force,0.9374883885522184,1.0,2.4323704630308944e-07
Web Attack - Brute Force,0.9433538284602114,1.0,2.2776457125023458e-07
Web Attack - Brute Force,0.9433803689122838,1.0,2.277277645796781e-07
Web Attack - Brute Force,0.9562259477153094,1.0,1.6802310779766987e-07
Web Attack - Brute Force,0.9562524881673817,1.0,1.6798684740583088e-07
Web Attack - Brute Force,0.9674083248551334,1.0,1.0596423245814141e-07
Web Attack - Brute Force,0.9674260184898483,1.0,1.0588910466557077e-07
Web Attack - Brute Force,0.9731764497721944,1.0,7.203574039282612e-08
Web Attack - Brute Force,0.9731941434069094,1.0,7.201392549012646e-08
Web Attack - Brute Force,0.9755739372760649,1.0,5.722806551626486e-08
Web Attack - Brute Force,0.9755916309107798,1.0,5.718410780348396e-08
Web Attack - Brute Force,0.975865882248861,1.0,5.5165516100314526e-08
Web Attack - Brute Force,0.9758835758835759,1.0,5.504118983730689e-08
Web Attack - Brute Force,0.9759543504224355,1.0,5.4477321722021993e-08
Web Attack - Brute Force,0.9759720440571504,1.0,5.445177230817974e-08
Web Attack - Brute Force,0.9764586190118105,1.0,5.1727551135992533e-08
Web Attack - Brute Force,0.9764763126465255,1.0,5.148926727697772e-08
Web Attack - Brute Force,0.9767063298978192,1.0,5.0038618654029747e-08
Web Attack - Brute Force,0.9767240235325342,1.0,4.9983922151062054e-08
Web Attack - Brute Force,0.9767505639846066,1.0,4.985800067626625e-08
Web Attack - Brute Force,0.9767682576193214,1.0,4.981214315067721e-08
Web Attack - Brute Force,0.9767859512540363,1.0,4.96445770247878e-08
Web Attack - Brute Force,0.9768036448887513,1.0,4.96186547221255e-08
Web Attack - Brute Force,0.9768124917061087,1.0,4.960528629980353e-08
Web Attack - Brute Force,0.9768390321581811,1.0,4.959584948055903e-08
Web Attack - Brute Force,0.9851638872915469,1.0,1.8611718652977822e-08
Web Attack - Brute Force,0.9851815809262617,1.0,1.861124262078256e-08
Web Attack - Brute Force,0.9962754898925111,1.0,2.9552455050740143e-13
Web Attack - Brute Force,0.9962931835272261,1.0,2.806015209249725e-13
Web Attack - Brute Force,0.9988322201088159,1.0,7.717326875573621e-16
Web Attack - Brute Force,0.9988499137435307,1.0,7.66711345961705e-16
Web Attack - Brute Force,0.9999557659132127,1.0,1.097905102825526e-297
Web Attack - Brute Force,1.0,1.0,0.0
Web Attack - XSS,0.0,0.0,inf
Web Attack - XSS,0.0,0.034482758620689655,0.9993045857951522
Web Attack - XSS,0.0,0.06896551724137931,0.998945136971384
Web Attack - XSS,8.844391771177896e-06,0.06896551724137931,0.9987871045380785
Web Attack - XSS,8.844391771177896e-06,0.10344827586206896,0.9974087145033185
Web Attack - XSS,1.7688783542355792e-05,0.10344827586206896,0.9972062340633477
Web Attack - XSS,1.7688783542355792e-05,0.2413793103448276,0.989900031047085
Web Attack - XSS,2.6533175313533688e-05,0.2413793103448276,0.987488399711268
Web Attack - XSS,2.6533175313533688e-05,0.27586206896551724,0.9870695143631886
Web Attack - XSS,3.5377567084711583e-05,0.27586206896551724,0.9866589180528647
Web Attack - XSS,3.5377567084711583e-05,0.4827586206896552,0.9012030272640512
Web Attack - XSS,6.191074239824528e-05,0.4827586206896552,0.855412137795101
Web Attack - XSS,6.191074239824528e-05,0.5172413793103449,0.8361307228645567
Web Attack - XSS,0.00015035466011002424,0.5172413793103449,0.1361058954395097
Web Attack - XSS,0.00015035466011002424,0.5517241379310345,0.13353679830938997
Web Attack - XSS,0.0002299541860506253,0.5517241379310345,0.07515638415450666
Web Attack - XSS,0.0002299541860506253,0.5862068965517241,0.06750704775195189
Web Attack - XSS,0.000256487361364159,0.5862068965517241,0.062094944707158185
Web Attack - XSS,0.000256487361364159,0.6206896551724138,0.06134965333205267
Web Attack - XSS,0.0004952859391859622,0.6206896551724138,0.028577749062831163
Web Attack - XSS,0.0004952859391859622,0.6896551724137931,0.024284958340398132
Web Attack - XSS,0.002414518953531566,0.6896551724137931,0.0016226067854081762
Web Attack - XSS,0.002414518953531566,0.7241379310344828,0.0016186533761278605
Web Attack - XSS,0.004103797781826544,0.7241379310344828,0.0005043768970278751
Web Attack - XSS,0.004103797781826544,0.7586206896551724,0.0005025712162531815
Web Attack - XSS,0.007234712468823519,0.7586206896551724,0.0001344237277284687
Web Attack - XSS,0.007252401252365875,0.7586206896551724,0.000134163482072552
Web Attack - XSS,0.008596748801584914,0.7586206896551724,8.681258252999879e-05
Web Attack - XSS,0.008596748801584914,0.7931034482758621,8.680453003976438e-05
Web Attack - XSS,0.008844391771177896,0.7931034482758621,8.426496853900561e-05
Web Attack - XSS,0.008844391771177896,0.8275862068965517,8.419534044265153e-05
Web Attack - XSS,0.015345019722993649,0.8275862068965517,6.613637717826767e-05
Web Attack - XSS,0.015345019722993649,0.8620689655172413,6.611682404181845e-05
Web Attack - XSS,0.02035094546548034,0.8620689655172413,4.0756658835145776e-05
Web Attack - XSS,0.020368634249022695,0.8620689655172413,4.075047652793324e-05
Web Attack - XSS,0.02051898890913272,0.8620689655172413,4.071640746715004e-05
Web Attack - XSS,0.020536677692675073,0.8620689655172413,4.0716022608369943e-05
Web Attack - XSS,0.020704721136327455,0.8620689655172413,4.067889915795331e-05
Web Attack - XSS,0.02072240991986981,0.8620689655172413,4.067676134704128e-05
Web Attack - XSS,0.022172890170342987,0.8620689655172413,4.020704037972819e-05
Web Attack - XSS,0.02219057895388534,0.8620689655172413,4.018655164521188e-05
Web Attack - XSS,0.025118072630145226,0.8620689655172413,3.920745628474853e-05
Web Attack - XSS,0.02513576141368758,0.8620689655172413,3.920468749529301e-05
Web Attack - XSS,0.026055578157890082,0.8620689655172413,3.9053733814481206e-05
Web Attack - XSS,0.026073266941432437,0.8620689655172413,3.905165012719617e-05
Web Attack - XSS,0.02648010896290662,0.8620689655172413,3.891537404003413e-05
Web Attack - XSS,0.026497797746448976,0.8620689655172413,3.891246636014469e-05
Web Attack - XSS,0.028620451771531673,0.8620689655172413,3.8049743264975284e-05
Web Attack - XSS,0.028638140555074028,0.8620689655172413,3.8047485503560515e-05
Web Attack - XSS,0.029071515751861746,0.8620689655172413,3.789480699045551e-05
Web Attack - XSS,0.0290892045354041,0.8620689655172413,3.789365391836479e-05
Web Attack - XSS,0.029787911485327154,0.8620689655172413,3.774304224017644e-05
Web Attack - XSS,0.02980560026886951,0.8620689655172413,3.774252577437662e-05
Web Attack - XSS,0.039994339589266445,0.8620689655172413,1.792453318007964e-05
Web Attack - XSS,0.0400120283728088,0.8620689655172413,1.7924239987189294e-05
Web Attack - XSS,0.04065766897210479,0.8620689655172413,1.7504109829601502e-05
Web Attack - XSS,0.040675357755647144,0.8620689655172413,1.7503089168970562e-05
Web Attack - XSS,0.04220543753206092,0.8620689655172413,1.6122886749971038e-05
Web Attack - XSS,0.04220543753206092,0.896551724137931,1.612068820583836e-05
Web Attack - XSS,0.10500946349919515,0.896551724137931,1.0358090461548493e-05
Web Attack - XSS,0.10502715228273751,0.896551724137931,1.0357877746553423e-05
Web Attack - XSS,0.10962623600375002,0.896551724137931,8.859167583981705e-06
Web Attack - XSS,0.10962623600375002,0.9310344827586207,8.857322322416245e-06
Web Attack - XSS,0.13050784497550103,0.9310344827586207,6.746014738958634e-06
Web Attack - XSS,0.13050784497550103,0.9655172413793104,6.7443546639906225e-06
Web Attack - XSS,0.20088267029876355,0.9655172413793104,1.9332466429507402e-06
Web Attack - XSS,0.20088267029876355,1.0,1.93320127264641e-06
Web Attack - XSS,0.31471883678559426,1.0,7.114508374463316e-07
Web Attack - XSS,0.3147365255691366,1.0,7.114336757475902e-07
Web Attack - XSS,0.3365467956768613,1.0,6.154983488063559e-07
Web Attack - XSS,0.33656448446040366,1.0,6.154940040921744e-07
Web Attack - XSS,0.7100719933490174,1.0,4.280960275297574e-07
Web Attack - XSS,0.7100896821325597,1.0,4.280858680516045e-07
Web Attack - XSS,0.7160950241451896,1.0,4.26599716229034e-07
Web Attack - XSS,0.7161392461040454,1.0,4.2659797271587304e-07
Web Attack - XSS,0.7232678258716148,1.0,4.2473096981208885e-07
Web Attack - XSS,0.7233208922222418,1.0,4.247301348532788e-07
Web Attack - XSS,0.7233385810057842,1.0,4.2473012237023936e-07
Web Attack - XSS,0.7329612792528258,1.0,4.2255491402052215e-07
Web Attack - XSS,0.7330055012116816,1.0,4.2255076410660614e-07
Web Attack - XSS,0.7330408787787663,1.0,4.225507516876192e-07
Web Attack - XSS,0.7429465975624856,1.0,4.198965818316381e-07
Web Attack - XSS,0.7430085083048839,1.0,4.19895887707303e-07
Web Attack - XSS,0.743017352696655,1.0,4.198918290162995e-07
Web Attack - XSS,0.7430350414801974,1.0,4.198908279446407e-07
Web Attack - XSS,0.7542408858542798,1.0,4.1666781840394896e-07
Web Attack - XSS,0.7542585746378222,1.0,4.166658500003657e-07
Web Attack - XSS,0.7606707586719261,1.0,4.1476358367676886e-07
Web Attack - XSS,0.7606884474554685,1.0,4.147589978663054e-07
Web Attack - XSS,0.7788194505863831,1.0,4.0916285165113187e-07
Web Attack - XSS,0.7788371393699255,1.0,4.0915766998770035e-07
Web Attack - XSS,0.7851697238780889,1.0,4.068116004146213e-07
Web Attack - XSS,0.7851874126616313,1.0,4.068077151143298e-07
Web Attack - XSS,0.7852139458369448,1.0,4.068016836830832e-07
Web Attack - XSS,0.7852404790122584,1.0,4.0679922025749404e-07
Web Attack - XSS,0.8179912617409301,1.0,3.920220132432736e-07
Web Attack - XSS,0.8180089505244724,1.0,3.920217424826102e-07
Web Attack - XSS,0.8189995224028443,1.0,3.917820287185662e-07
Web Attack - XSS,0.8190348999699291,1.0,3.9178198265984377e-07
Web Attack - XSS,0.8190614331452426,1.0,3.9178195387314557e-07
Web Attack - XSS,0.8195567190844285,1.0,3.917476508195998e-07
Web Attack - XSS,0.8195920966515132,1.0,3.917476277922596e-07
Web Attack - XSS,0.820573824138114,1.0,3.912925086446033e-07
Web Attack - XSS,0.8205915129216563,1.0,3.9129249139416317e-07
Web Attack - XSS,0.8206003573134275,1.0,3.912924741437226e-07
Web Attack - XSS,0.8206180460969699,1.0,3.912924338927002e-07
Web Attack - XSS,0.8206622680558258,1.0,3.9129232463994405e-07
Web Attack - XSS,0.8206799568393681,1.0,3.912923131396563e-07
Web Attack - XSS,0.8207330231899952,1.0,3.912922613883634e-07
Web Attack - XSS,0.8207684007570799,1.0,3.912922556382197e-07
Web Attack - XSS,0.8207860895406223,1.0,3.912922326376478e-07
Web Attack - XSS,0.8208037783241646,1.0,3.9129220963707674e-07
Web Attack - XSS,0.820821467107707,1.0,3.9129219813679157e-07
Web Attack - XSS,0.821166398386783,1.0,3.912870345430037e-07
Web Attack - XSS,0.8211840871703253,1.0,3.912863847860293e-07
Web Attack - XSS,0.8213432862222065,1.0,3.912847465915957e-07
Web Attack - XSS,0.8213609750057489,1.0,3.9128470634136663e-07
Web Attack - XSS,0.8224311464100614,1.0,3.910532752681691e-07
Web Attack - XSS,0.8224488351936038,1.0,3.910530913760093e-07
Web Attack - XSS,0.8229706543081032,1.0,3.9101895486992743e-07
Web Attack - XSS,0.823006031875188,1.0,3.9101889166253564e-07
Web Attack - XSS,0.8231210089682133,1.0,3.9101876524778184e-07
Web Attack - XSS,0.8231386977517556,1.0,3.910187480094099e-07
Web Attack - XSS,0.8231475421435268,1.0,3.910187192787908e-07
Web Attack - XSS,0.8231829197106115,1.0,3.9101865607143644e-07
Web Attack - XSS,0.8231917641023827,1.0,3.9101865032531416e-07
Web Attack - XSS,0.8232271416694674,1.0,3.9101863308694696e-07
Web Attack - XSS,0.823253674844781,1.0,3.91018610102459e-07
Web Attack - XSS,0.8232625192365521,1.0,3.9101860435633674e-07
Web Attack - XSS,0.8232978968036369,1.0,3.910185813718503e-07
Web Attack - XSS,0.8233155855871792,1.0,3.9101855264124365e-07
Web Attack - XSS,0.8233332743707216,1.0,3.910185468951228e-07
Web Attack - XSS,0.8234128738966622,1.0,3.9101844346495743e-07
Web Attack - XSS,0.8234305626802045,1.0,3.9101841473436193e-07
Web Attack - XSS,0.823457095855518,1.0,3.910183630192933e-07
Web Attack - XSS,0.8234747846390603,1.0,3.910183113042315e-07
Web Attack - XSS,0.8235632285567721,1.0,3.910165479343359e-07
Web Attack - XSS,0.8235809173403145,1.0,3.9101654218824457e-07
Web Attack - XSS,0.8238108715263651,1.0,3.9101386958059144e-07
Web Attack - XSS,0.8238285603099075,1.0,3.9101384085033035e-07
Web Attack - XSS,0.8238727822687634,1.0,3.910137661516639e-07
Web Attack - XSS,0.8239081598358481,1.0,3.910137374214113e-07
Web Attack - XSS,0.8239258486193904,1.0,3.91013668468813e-07
Web Attack - XSS,0.8239435374029328,1.0,3.910136339925188e-07
Web Attack - XSS,0.8240231369288734,1.0,3.910127663401095e-07
Web Attack - XSS,0.8240585144959581,1.0,3.910127491020017e-07
Web Attack - XSS,0.8240850476712717,1.0,3.910126571654398e-07
Web Attack - XSS,0.824102736454814,1.0,3.910126456733708e-07
Web Attack - XSS,0.8242354023313817,1.0,3.9101124938953027e-07
Web Attack - XSS,0.8242530911149241,1.0,3.910111753755629e-07
Web Attack - XSS,0.8243680682079494,1.0,3.9101089888284733e-07
Web Attack - XSS,0.8243857569914917,1.0,3.910108931368384e-07
Web Attack - XSS,0.8247395326623388,1.0,3.909957591274333e-07
Web Attack - XSS,0.8247572214458812,1.0,3.9099567294065123e-07
Web Attack - XSS,0.8251817522508977,1.0,3.909063910985163e-07
Web Attack - XSS,0.8251994410344401,1.0,3.9090593537796984e-07
Web Attack - XSS,0.8258716148090496,1.0,3.907046492183323e-07
Web Attack - XSS,0.8258981479843631,1.0,3.906957840502602e-07
Web Attack - XSS,0.8259512143349902,1.0,3.906782636837926e-07
Web Attack - XSS,0.8259689031185325,1.0,3.906764418267767e-07
Web Attack - XSS,0.8261811685210408,1.0,3.905921693488555e-07
Web Attack - XSS,0.8261988573045832,1.0,3.905917419499977e-07
Web Attack - XSS,0.8263049900058373,1.0,3.9054063056507395e-07
Web Attack - XSS,0.8263315231811509,1.0,3.9053594949768276e-07
Web Attack - XSS,0.8266145437178285,1.0,3.90445489285818e-07
Web Attack - XSS,0.8266322325013709,1.0,3.904297969922051e-07
Web Attack - XSS,0.8274812941114039,1.0,3.900511184472753e-07
Web Attack - XSS,0.8274989828949463,1.0,3.9005111271537124e-07
Web Attack - XSS,0.8275697380291157,1.0,3.89999976487831e-07
Web Attack - XSS,0.8275962712044292,1.0,3.8999633024438203e-07
Web Attack - XSS,0.8289140855783348,1.0,3.891894077435426e-07
Web Attack - XSS,0.8289494631454195,1.0,3.891785943965127e-07
Web Attack - XSS,0.8309836732527904,1.0,3.8770073122851945e-07
Web Attack - XSS,0.8310809615622734,1.0,3.8769018475769324e-07
Web Attack - XSS,0.8313993596660357,1.0,3.8748174408047644e-07
Web Attack - XSS,0.8314170484495781,1.0,3.8747458355162954e-07
Web Attack - XSS,0.8314435816248916,1.0,3.8747455508142387e-07
Web Attack - XSS,0.8327171740399413,1.0,3.8654133590796394e-07
Web Attack - XSS,0.8327348628234836,1.0,3.865408179219488e-07
Web Attack - XSS,0.8342118762492703,1.0,3.8549082482060236e-07
Web Attack - XSS,0.8342826313834397,1.0,3.854863775488801e-07
Web Attack - XSS,0.8372897245856402,1.0,3.830620733259011e-07
Web Attack - XSS,0.8373074133691826,1.0,3.830597479479537e-07
Web Attack - XSS,0.8420833849256186,1.0,3.7908401222117976e-07
Web Attack - XSS,0.842101073709161,1.0,3.790734413884021e-07
Web Attack - XSS,0.8457361187271152,1.0,3.764364370890281e-07
Web Attack - XSS,0.8458599402119116,1.0,3.76428095655213e-07
Web Attack - XSS,0.845930695346081,1.0,3.7640661110407585e-07
Web Attack - XSS,0.8504855571082377,1.0,3.7112872366468093e-07
Web Attack - XSS,0.8505209346753224,1.0,3.711209683918512e-07
Web Attack - XSS,0.8614172253374135,1.0,3.537524206737473e-07
Web Attack - XSS,0.8614968248633541,1.0,3.5368472142820994e-07
Web Attack - XSS,0.8671307024215945,1.0,3.434144959114197e-07
Web Attack - XSS,0.8671926131639928,1.0,3.434104612581126e-07
Web Attack - XSS,0.8672103019475351,1.0,3.4339731826598796e-07
Web Attack - XSS,0.8672545239063909,1.0,3.4339084099152563e-07
Web Attack - XSS,0.8697044204270072,1.0,3.385165792519918e-07
Web Attack - XSS,0.8697309536023208,1.0,3.3847995317818147e-07
Web Attack - XSS,0.8890736384058868,1.0,3.087922017614936e-07
Web Attack - XSS,0.8891001715812004,1.0,3.087908833653192e-07
Web Attack - XSS,0.9165089416800807,1.0,2.787245293340941e-07
Web Attack - XSS,0.916526630463623,1.0,2.787159515187951e-07
Web Attack - XSS,0.9284400261793997,1.0,2.593231235775098e-07
Web Attack - XSS,0.928457714962942,1.0,2.593216874454249e-07
Web Attack - XSS,0.9340385261705553,1.0,2.4919337194462705e-07
Web Attack - XSS,0.9340562149540976,1.0,2.491892527161529e-07
Web Attack - XSS,0.9412732386393787,1.0,2.3433003885788607e-07
Web Attack - XSS,0.9412997718146923,1.0,2.343155040604618e-07
Web Attack - XSS,0.9549466683176198,1.0,1.774711750659751e-07
Web Attack - XSS,0.9549732014929333,1.0,1.7745215507861564e-07
Web Attack - XSS,0.9662321122176428,1.0,1.1636456575452466e-07
Web Attack - XSS,0.9662498010011852,1.0,1.1634738076967685e-07
Web Attack - XSS,0.972608918684662,1.0,8.15157477092458e-08
Web Attack - XSS,0.9726266074682044,1.0,8.141601761506039e-08
Web Attack - XSS,0.9750057488546513,1.0,6.60790581802373e-08
Web Attack - XSS,0.9750234376381937,1.0,6.603182618008903e-08
Web Attack - XSS,0.9753506801337272,1.0,6.38219094387488e-08
Web Attack - XSS,0.9753683689172695,1.0,6.375871333511055e-08
Web Attack - XSS,0.9754745016185237,1.0,6.293696545658086e-08
Web Attack - XSS,0.975492190402066,1.0,6.291575750108584e-08
Web Attack - XSS,0.9760316983001079,1.0,6.0008357142236e-08
Web Attack - XSS,0.9760493870836503,1.0,5.997466288147812e-08
Web Attack - XSS,0.9763766295791838,1.0,5.830290192027046e-08
Web Attack - XSS,0.9763943183627262,1.0,5.816608933311919e-08
Web Attack - XSS,0.9764120071462685,1.0,5.80718677597565e-08
Web Attack - XSS,0.9764473847133532,1.0,5.797318249607516e-08
Web Attack - XSS,0.976482762280438,1.0,5.7755618845249256e-08
Web Attack - XSS,0.9765092954557515,1.0,5.7751758367954304e-08
Web Attack - XSS,0.9859904834344542,1.0,1.8968572342015167e-08
Web Attack - XSS,0.9860081722179965,1.0,1.8968069704334333e-08
Web Attack - XSS,0.996267666672563,1.0,8.907582923787237e-13
Web Attack - XSS,0.9962853554561053,1.0,8.901469120669605e-13
Web Attack - XSS,0.9987971627191198,1.0,4.564043835956113e-15
Web Attack - XSS,0.9988148515026621,1.0,4.536799594861614e-15
Web Attack - XSS,0.9999557780411441,1.0,1.2344056952527781e-273
Web Attack - XSS,1.0,1.0,0.0
